ogs	desc	musDom	gloMor	droMel	droYak	droAna	droPse	droWil	droMoj	droVir	anoGam	anoDar	anoSte	aedAeg	culQui
1	none	3	1	1	1	1	1	1	1	1	0	0	0	0	0
10010	none	1	1	1	1	1	1	1	1	1	0	0	0	0	0
10062	none	5	1	2	2	3	2	2	2	2	0	0	0	0	0
1007	none	33	7	3	3	3	3	3	3	2	0	0	0	0	0
10089	none	1	1	0	1	0	0	1	1	1	0	0	0	0	0
10098	none	1	1	1	1	1	1	1	1	1	0	0	0	0	0
10103	none	1	1	1	1	1	1	1	1	1	0	0	0	0	0
10118	none	1	1	1	1	1	1	1	2	1	0	0	0	0	0
10129	none	1	2	1	1	1	1	1	1	1	0	0	0	0	0
10133	none	1	1	1	1	1	2	1	1	1	0	0	0	0	0
10134	none	1	1	1	1	1	1	1	1	1	0	0	0	0	0
10159	none	1	1	1	1	1	1	1	1	1	0	0	0	0	0
10228	none	1	1	1	1	1	1	1	1	1	0	0	0	0	0
10232	none	2	1	1	0	1	1	1	1	1	0	0	0	0	0
10304	none	1	1	1	1	1	1	1	1	1	0	0	0	0	0
10349	none	1	1	1	1	2	1	1	1	1	0	0	0	0	0
10358	none	1	1	1	1	1	1	1	1	1	0	0	0	0	0
10379	none	1	2	2	2	2	2	2	2	2	0	0	0	0	0
10409	none	3	1	1	1	1	0	0	1	1	0	0	0	0	0
10415	none	1	1	1	1	1	1	1	1	1	0	0	0	0	0
10423	none	1	1	1	2	1	1	1	1	1	0	0	0	0	0
10470	none	14	1	2	2	2	2	2	2	2	0	0	0	0	0
10503	none	1	1	1	1	1	1	1	1	1	0	0	0	0	0
10524	none	1	1	1	1	1	1	1	1	1	0	0	0	0	0
10533	none	2	1	2	2	2	2	1	2	2	0	0	0	0	0
1055	none	1	1	1	1	1	1	1	1	1	0	0	0	0	0
10555	none	1	1	2	3	1	1	1	1	1	0	0	0	0	0
10565	none	1	1	1	1	1	1	1	1	1	0	0	0	0	0
10584	none	1	1	1	1	1	1	1	1	1	0	0	0	0	0
10585	none	1	1	1	1	1	1	1	1	1	0	0	0	0	0
10606	none	3	1	1	1	1	1	1	1	1	0	0	0	0	0
10620	none	1	1	1	1	1	1	0	1	1	0	0	0	0	0
10633	none	1	2	1	1	1	1	1	1	1	0	0	0	0	0
10642	none	3	1	7	8	4	6	3	1	2	0	0	0	0	0
1067	none	1	1	1	1	1	1	1	1	1	0	0	0	0	0
10678	none	1	3	4	3	4	3	3	2	3	0	0	0	0	0
10696	none	1	1	1	1	1	1	1	1	1	0	0	0	0	0
10788	none	1	1	1	1	1	1	1	1	1	0	0	0	0	0
10805	none	4	1	1	1	1	1	1	1	1	0	0	0	0	0
10888	none	1	1	1	1	1	1	1	1	1	0	0	0	0	0
10890	none	1	2	3	3	2	2	2	1	2	0	0	0	0	0
10897	none	1	1	1	1	1	1	1	1	1	0	0	0	0	0
1092	none	2	1	2	2	2	1	1	1	1	0	0	0	0	0
10923	none	1	2	1	1	1	1	1	1	1	0	0	0	0	0
10924	none	2	1	1	2	3	2	3	2	2	0	0	0	0	0
10964	none	2	1	2	3	2	2	2	2	2	0	0	0	0	0
1101	none	1	1	2	1	1	1	1	1	1	0	0	0	0	0
11022	none	1	1	1	1	1	1	1	1	1	0	0	0	0	0
11023	none	1	1	1	1	1	1	1	1	1	0	0	0	0	0
11057	none	1	1	1	1	1	1	1	1	1	0	0	0	0	0
11090	none	2	2	1	0	0	8	0	1	1	0	0	0	0	0
11092	none	3	1	0	0	1	1	1	1	1	0	0	0	0	0
111	none	1	1	1	1	1	1	1	1	1	0	0	0	0	0
11105	none	1	1	1	1	1	1	1	1	1	0	0	0	0	0
11114	none	1	1	1	1	1	1	1	1	1	0	0	0	0	0
11130	none	1	1	1	1	1	1	1	1	1	0	0	0	0	0
11174	none	1	1	1	1	1	1	1	1	1	0	0	0	0	0
1120	none	1	1	1	1	1	1	1	1	1	0	0	0	0	0
11231	none	1	1	1	2	1	2	0	1	0	0	0	0	0	0
11240	none	1	1	2	3	2	2	2	2	1	0	0	0	0	0
11262	none	1	1	1	1	1	1	1	1	1	0	0	0	0	0
11272	none	1	1	1	1	1	1	1	1	1	0	0	0	0	0
11312	none	1	1	1	2	1	1	1	0	1	0	0	0	0	0
11320	none	1	1	1	1	1	1	1	1	1	0	0	0	0	0
11347	none	1	1	1	1	1	1	1	1	1	0	0	0	0	0
11361	none	1	1	1	1	0	1	0	1	1	0	0	0	0	0
11382	none	2	1	2	2	2	2	10	2	2	0	0	0	0	0
11390	none	1	1	1	1	0	1	1	1	1	0	0	0	0	0
11418	none	1	1	1	1	1	1	1	1	1	0	0	0	0	0
11445	none	2	1	1	1	1	1	1	1	1	0	0	0	0	0
11454	none	1	1	1	1	1	1	0	1	1	0	0	0	0	0
11457	none	13	2	7	7	6	6	13	6	7	0	0	0	0	0
11462	none	1	1	1	1	1	1	1	1	1	0	0	0	0	0
11482	none	1	1	1	1	1	1	1	1	0	0	0	0	0	0
11498	none	1	1	1	1	1	1	1	1	1	0	0	0	0	0
11540	none	1	1	1	1	1	1	1	1	1	0	0	0	0	0
11556	none	4	1	1	1	1	1	1	5	1	0	0	0	0	0
11635	none	1	1	1	1	1	1	1	1	1	0	0	0	0	0
11639	none	1	1	1	1	1	1	1	1	1	0	0	0	0	0
11666	none	14	3	0	0	0	1	1	0	1	0	0	0	0	0
11667	none	1	1	1	1	1	1	1	2	1	0	0	0	0	0
11680	none	1	1	0	1	1	1	1	1	1	0	0	0	0	0
11688	none	1	1	1	1	1	1	1	1	1	0	0	0	0	0
11755	none	1	1	1	1	1	1	1	1	1	0	0	0	0	0
11782	none	2	2	1	1	1	1	1	1	1	0	0	0	0	0
11797	none	2	10	1	1	1	5	1	1	1	0	0	0	0	0
11820	none	4	1	1	1	1	1	1	1	1	0	0	0	0	0
11823	none	6	3	1	1	2	0	1	1	1	0	0	0	0	0
11878	none	13	1	2	2	2	2	2	2	2	0	0	0	0	0
11927	none	2	1	1	1	1	1	1	1	1	0	0	0	0	0
11938	none	1	1	1	1	0	1	1	1	1	0	0	0	0	0
11946	none	1	1	1	1	0	0	0	0	1	0	0	0	0	0
11950	none	1	4	0	10	0	2	50	1	2	0	0	0	0	0
11997	none	1	1	1	1	1	1	1	2	2	0	0	0	0	0
12054	none	1	1	1	1	1	1	1	1	1	0	0	0	0	0
12059	none	6	3	2	3	2	3	4	2	3	0	0	0	0	0
12062	none	1	3	1	1	1	1	2	1	1	0	0	0	0	0
12086	none	2	1	1	1	1	1	1	1	1	0	0	0	0	0
12114	none	1	1	1	1	1	1	1	0	1	0	0	0	0	0
1212	none	1	1	0	1	1	1	1	1	1	0	0	0	0	0
12135	none	1	1	1	1	1	1	1	1	1	0	0	0	0	0
12167	none	1	1	1	1	3	2	2	2	2	0	0	0	0	0
12209	none	1	1	1	1	1	1	1	1	1	0	0	0	0	0
12231	none	1	2	1	1	1	1	1	1	1	0	0	0	0	0
12255	none	1	1	1	2	1	1	1	1	1	0	0	0	0	0
12279	none	1	1	1	1	1	1	1	1	1	0	0	0	0	0
1229	none	1	1	1	1	1	1	1	1	1	0	0	0	0	0
1232	none	1	5	1	1	2	2	1	1	1	0	0	0	0	0
12339	none	1	1	0	1	1	0	1	1	0	0	0	0	0	0
1238	none	2	1	1	1	1	1	1	1	1	0	0	0	0	0
12426	none	1	1	1	1	1	1	1	1	1	0	0	0	0	0
12453	none	2	1	1	1	1	1	0	1	1	0	0	0	0	0
12461	none	6	1	5	5	5	5	3	4	4	0	0	0	0	0
12470	none	2	1	4	3	3	1	1	1	3	0	0	0	0	0
12487	none	1	1	1	1	1	1	1	1	1	0	0	0	0	0
12508	none	1	1	1	1	1	2	1	1	1	0	0	0	0	0
1252	none	2	1	2	2	2	2	2	2	2	0	0	0	0	0
12538	none	1	1	1	1	1	1	1	2	1	0	0	0	0	0
12539	none	1	1	1	2	1	1	1	1	1	0	0	0	0	0
12546	none	1	1	1	1	1	1	1	1	1	0	0	0	0	0
12562	none	1	1	1	1	2	1	1	1	1	0	0	0	0	0
12589	none	1	2	1	1	1	1	1	1	1	0	0	0	0	0
12607	none	1	1	1	1	1	1	2	1	1	0	0	0	0	0
12619	none	1	1	1	1	1	1	1	1	1	0	0	0	0	0
12622	none	2	1	1	2	1	1	1	1	1	0	0	0	0	0
12635	none	1	2	2	1	1	1	2	1	2	0	0	0	0	0
12661	none	1	1	1	1	1	1	1	0	1	0	0	0	0	0
12672	none	4	20	3	4	5	3	8	4	6	0	0	0	0	0
12713	none	3	1	2	2	2	2	2	2	2	0	0	0	0	0
12782	none	2	1	2	2	2	2	2	2	2	0	0	0	0	0
12794	none	1	1	1	1	1	1	1	1	1	0	0	0	0	0
12852	none	1	1	1	1	1	1	1	1	1	0	0	0	0	0
12946	none	1	1	1	1	1	1	1	1	1	0	0	0	0	0
12962	none	1	1	1	1	0	1	0	1	1	0	0	0	0	0
13003	none	1	1	1	1	1	1	1	1	1	0	0	0	0	0
13006	none	1	1	1	1	1	1	1	1	2	0	0	0	0	0
13019	none	1	1	1	1	1	1	1	1	1	0	0	0	0	0
13045	none	1	1	1	1	1	1	1	1	1	0	0	0	0	0
13057	none	1	1	1	1	1	1	1	1	1	0	0	0	0	0
1306	none	1	1	1	1	1	2	1	1	1	0	0	0	0	0
13090	none	1	1	1	1	1	1	1	1	1	0	0	0	0	0
13093	none	1	1	1	1	1	0	1	1	1	0	0	0	0	0
13104	none	1	1	1	1	1	1	1	1	1	0	0	0	0	0
13129	none	2	1	2	2	1	2	2	1	1	0	0	0	0	0
13137	none	1	2	1	1	0	1	1	1	1	0	0	0	0	0
13141	none	1	1	1	1	1	1	1	1	1	0	0	0	0	0
13149	none	1	1	1	1	1	1	1	1	1	0	0	0	0	0
13168	none	1	1	1	1	1	2	1	1	1	0	0	0	0	0
13172	none	1	1	1	2	1	1	1	1	1	0	0	0	0	0
13223	none	1	1	1	1	1	1	1	1	1	0	0	0	0	0
13265	none	1	1	1	1	1	1	1	1	1	0	0	0	0	0
13278	none	1	1	1	1	1	1	1	1	1	0	0	0	0	0
13345	none	1	1	0	1	0	0	0	0	2	0	0	0	0	0
13354	none	2	2	1	1	1	1	1	1	1	0	0	0	0	0
1337	none	1	1	1	1	1	1	1	1	1	0	0	0	0	0
13416	none	2	1	1	1	1	1	1	1	1	0	0	0	0	0
13417	none	1	1	1	1	1	1	1	1	1	0	0	0	0	0
13434	none	1	1	1	1	1	1	1	1	1	0	0	0	0	0
13448	none	3	1	1	1	1	1	1	1	1	0	0	0	0	0
13471	none	1	1	1	1	1	1	1	1	1	0	0	0	0	0
13503	none	1	1	1	1	1	1	1	1	1	0	0	0	0	0
13542	none	1	1	1	1	1	1	1	1	1	0	0	0	0	0
1360	none	1	1	1	1	1	1	1	1	1	0	0	0	0	0
13617	none	1	1	1	1	1	1	1	1	1	0	0	0	0	0
13680	none	1	1	1	1	1	1	1	1	1	0	0	0	0	0
13692	none	1	1	1	2	1	1	1	1	1	0	0	0	0	0
13700	none	1	1	1	1	1	1	1	1	1	0	0	0	0	0
13757	none	1	1	1	1	1	1	1	1	1	0	0	0	0	0
1376	none	2	1	1	1	1	1	1	1	1	0	0	0	0	0
13761	none	1	1	0	1	1	1	1	1	1	0	0	0	0	0
13762	none	1	1	1	1	1	1	1	1	1	0	0	0	0	0
13772	none	2	1	1	1	1	0	1	1	1	0	0	0	0	0
13788	none	1	1	1	1	1	1	1	1	1	0	0	0	0	0
13807	none	1	2	1	1	1	1	1	1	1	0	0	0	0	0
13886	none	1	1	1	1	1	1	1	1	1	0	0	0	0	0
13887	none	1	1	1	1	1	1	1	1	1	0	0	0	0	0
13893	none	3	1	6	5	2	4	3	2	7	0	0	0	0	0
13906	none	1	1	1	1	1	1	1	1	1	0	0	0	0	0
13923	none	1	1	1	2	2	1	2	2	1	0	0	0	0	0
13932	none	1	1	1	1	1	1	1	1	1	0	0	0	0	0
13949	none	1	1	1	1	1	1	1	1	1	0	0	0	0	0
13971	none	1	1	1	1	1	1	1	1	1	0	0	0	0	0
13977	none	2	1	1	1	1	1	1	1	1	0	0	0	0	0
14008	none	1	1	1	1	1	1	1	1	1	0	0	0	0	0
14023	none	1	2	1	1	1	1	1	1	1	0	0	0	0	0
14050	none	2	1	1	1	1	1	1	1	1	0	0	0	0	0
14071	none	1	1	1	1	1	1	1	1	1	0	0	0	0	0
14080	none	4	1	1	1	1	2	2	3	3	0	0	0	0	0
14096	none	1	1	1	1	1	3	1	1	1	0	0	0	0	0
14116	none	1	1	1	1	1	1	1	1	1	0	0	0	0	0
14147	none	2	1	1	2	2	2	2	2	2	0	0	0	0	0
14197	none	1	1	1	1	1	1	1	1	1	0	0	0	0	0
14200	none	1	2	2	2	2	2	2	2	2	0	0	0	0	0
14211	none	1	1	1	1	1	1	1	1	1	0	0	0	0	0
14220	none	1	2	1	1	1	1	1	1	1	0	0	0	0	0
14224	none	1	1	1	2	1	1	1	1	1	0	0	0	0	0
14249	none	1	1	2	2	2	2	2	2	2	0	0	0	0	0
14251	none	1	1	1	1	1	1	1	1	1	0	0	0	0	0
1428	none	2	1	1	1	1	1	1	1	1	0	0	0	0	0
14311	none	1	2	1	1	1	1	1	1	1	0	0	0	0	0
14343	none	1	2	0	1	1	0	1	0	1	0	0	0	0	0
14345	none	1	1	1	1	1	1	1	2	1	0	0	0	0	0
14352	none	1	1	1	1	1	1	1	1	1	0	0	0	0	0
14367	none	1	1	1	1	1	1	1	1	1	0	0	0	0	0
14372	none	1	1	1	1	1	1	2	1	1	0	0	0	0	0
1438	none	5	2	4	3	4	4	4	4	4	0	0	0	0	0
14402	none	2	2	4	4	4	6	4	4	4	0	0	0	0	0
14448	none	1	1	1	1	1	1	1	1	1	0	0	0	0	0
14467	none	1	1	1	1	1	1	1	1	1	0	0	0	0	0
14470	none	1	1	1	1	1	2	1	1	1	0	0	0	0	0
14496	none	1	1	1	1	1	1	1	1	1	0	0	0	0	0
14512	none	1	1	1	1	0	1	1	0	1	0	0	0	0	0
14523	none	1	1	1	1	0	1	0	1	0	0	0	0	0	0
14528	none	1	1	1	1	1	1	1	1	1	0	0	0	0	0
14547	none	4	1	1	1	1	1	1	1	1	0	0	0	0	0
14555	none	1	1	1	1	1	1	1	1	1	0	0	0	0	0
14565	none	1	1	1	1	1	1	0	1	1	0	0	0	0	0
14568	none	1	1	1	1	1	1	1	2	1	0	0	0	0	0
14620	none	1	1	1	1	1	1	1	1	1	0	0	0	0	0
14633	none	1	1	1	1	1	1	1	1	1	0	0	0	0	0
14647	none	2	1	1	1	1	1	1	1	1	0	0	0	0	0
14654	none	1	1	1	1	1	1	1	1	1	0	0	0	0	0
14667	none	2	2	2	3	2	2	3	3	3	0	0	0	0	0
14684	none	1	1	1	1	1	1	1	1	1	0	0	0	0	0
14693	none	1	1	1	1	1	1	1	1	1	0	0	0	0	0
14791	none	1	1	1	2	1	2	1	1	1	0	0	0	0	0
148	none	1	2	1	1	1	1	1	1	1	0	0	0	0	0
14826	none	1	1	1	1	1	1	1	1	1	0	0	0	0	0
14836	none	1	1	1	1	1	1	1	1	1	0	0	0	0	0
14864	none	1	1	1	1	1	1	1	1	1	0	0	0	0	0
1493	none	1	1	1	1	1	1	1	1	1	0	0	0	0	0
14989	none	1	1	1	1	1	1	1	1	1	0	0	0	0	0
15013	none	2	1	1	1	1	1	1	1	1	0	0	0	0	0
15040	none	1	1	1	2	1	1	1	1	1	0	0	0	0	0
15063	none	1	1	2	2	2	2	2	2	2	0	0	0	0	0
15079	none	1	1	1	1	1	1	1	1	1	0	0	0	0	0
15096	none	1	1	1	1	1	1	1	1	1	0	0	0	0	0
15109	none	1	1	1	1	1	1	1	1	1	0	0	0	0	0
15119	none	1	1	2	2	2	2	2	2	2	0	0	0	0	0
15128	none	1	1	1	1	1	1	1	1	1	0	0	0	0	0
15172	none	1	1	1	2	17	1	1	1	1	0	0	0	0	0
1518	none	1	1	1	1	1	1	1	1	1	0	0	0	0	0
15203	none	1	1	1	1	1	1	1	1	1	0	0	0	0	0
15214	none	2	1	1	1	1	1	1	1	1	0	0	0	0	0
15227	none	1	1	1	1	1	1	1	1	1	0	0	0	0	0
15279	none	1	1	2	2	3	4	3	3	3	0	0	0	0	0
15301	none	1	1	1	1	1	1	1	1	1	0	0	0	0	0
15311	none	2	1	1	1	1	1	1	1	1	0	0	0	0	0
15314	none	1	1	1	1	1	1	1	1	1	0	0	0	0	0
15333	none	1	1	1	1	1	1	1	1	1	0	0	0	0	0
15356	none	1	1	1	1	1	1	1	1	2	0	0	0	0	0
15364	none	1	1	1	1	1	1	1	1	1	0	0	0	0	0
15457	none	1	1	1	1	1	1	1	1	1	0	0	0	0	0
1550	none	1	1	1	1	1	1	1	1	1	0	0	0	0	0
15503	none	1	1	1	2	1	1	1	1	1	0	0	0	0	0
15558	none	1	1	1	1	1	1	1	1	1	0	0	0	0	0
15572	none	1	1	1	1	1	1	1	1	1	0	0	0	0	0
15574	none	1	1	1	1	1	1	1	1	1	0	0	0	0	0
156	none	1	2	1	1	1	1	1	1	1	0	0	0	0	0
15614	none	1	1	1	1	1	1	1	1	0	0	0	0	0	0
15615	none	3	1	1	1	1	1	1	1	1	0	0	0	0	0
1564	none	1	1	1	1	1	1	1	1	1	0	0	0	0	0
15665	none	1	1	0	1	1	1	1	1	1	0	0	0	0	0
15749	none	1	1	0	1	1	1	1	1	1	0	0	0	0	0
15774	none	1	1	1	1	1	1	1	1	1	0	0	0	0	0
15791	none	1	2	1	1	1	1	1	1	1	0	0	0	0	0
15796	none	1	2	1	1	2	1	1	1	1	0	0	0	0	0
15801	none	1	1	1	2	1	1	1	1	1	0	0	0	0	0
15847	none	1	1	1	1	1	1	1	1	1	0	0	0	0	0
15891	none	1	1	1	1	1	1	1	1	1	0	0	0	0	0
159	none	4	2	1	1	1	1	1	1	1	0	0	0	0	0
15903	none	1	2	1	1	1	1	1	1	1	0	0	0	0	0
15912	none	1	1	0	0	0	0	1	1	1	0	0	0	0	0
15995	none	1	1	1	1	1	2	1	1	2	0	0	0	0	0
1600	none	1	1	1	1	1	1	1	1	1	0	0	0	0	0
16027	none	1	1	1	1	1	1	2	1	1	0	0	0	0	0
16045	none	3	2	1	1	1	1	1	1	1	0	0	0	0	0
16067	none	1	1	1	1	1	1	1	1	1	0	0	0	0	0
1608	none	1	1	1	1	1	1	1	1	1	0	0	0	0	0
16095	none	2	1	1	1	1	1	2	1	1	0	0	0	0	0
16128	none	1	1	1	1	1	1	2	1	1	0	0	0	0	0
1616	none	1	1	1	1	1	1	1	1	1	0	0	0	0	0
16162	none	1	1	1	1	1	1	1	1	1	0	0	0	0	0
16189	none	1	1	1	1	1	1	1	1	1	0	0	0	0	0
16246	none	1	1	1	1	1	1	1	1	1	0	0	0	0	0
1625	none	9	6	14	15	9	6	8	9	14	0	0	0	0	0
16269	none	1	1	1	1	1	1	1	1	1	0	0	0	0	0
16349	none	1	1	1	1	1	1	1	1	1	0	0	0	0	0
16351	none	1	1	1	1	1	1	1	1	1	0	0	0	0	0
16376	none	1	1	1	1	1	1	1	1	1	0	0	0	0	0
16384	none	3	1	1	1	1	1	1	1	1	0	0	0	0	0
16423	none	1	1	1	2	1	1	1	1	1	0	0	0	0	0
16435	none	1	1	1	1	1	1	1	2	1	0	0	0	0	0
16453	none	1	1	1	1	1	1	1	1	1	0	0	0	0	0
16462	none	2	1	1	1	1	1	1	1	1	0	0	0	0	0
16473	none	1	1	1	1	1	1	1	1	1	0	0	0	0	0
16480	none	1	1	1	1	1	1	1	1	1	0	0	0	0	0
16515	none	1	1	1	1	1	1	1	1	1	0	0	0	0	0
16518	none	1	1	1	1	1	1	1	2	1	0	0	0	0	0
16544	none	1	1	1	1	1	1	1	1	1	0	0	0	0	0
16603	none	1	2	1	1	1	1	1	1	1	0	0	0	0	0
1662	none	1	1	1	1	1	1	1	1	1	0	0	0	0	0
16632	none	3	3	1	1	1	1	1	2	1	0	0	0	0	0
16642	none	4	1	1	1	1	2	1	1	1	0	0	0	0	0
1668	none	1	1	1	0	0	1	0	1	0	0	0	0	0	0
16704	none	1	1	1	1	1	1	1	1	1	0	0	0	0	0
16731	none	1	1	1	1	1	1	1	1	1	0	0	0	0	0
16732	none	1	3	1	1	1	1	1	1	1	0	0	0	0	0
1679	none	2	2	1	1	1	1	1	1	1	0	0	0	0	0
16803	none	1	1	1	1	1	1	1	1	1	0	0	0	0	0
16821	none	1	1	1	1	1	1	1	1	1	0	0	0	0	0
1684	none	2	1	1	1	1	1	1	1	1	0	0	0	0	0
16846	none	1	1	1	1	1	1	1	1	1	0	0	0	0	0
1688	none	1	1	1	1	1	1	1	1	1	0	0	0	0	0
16882	none	1	1	1	1	2	1	1	1	1	0	0	0	0	0
16902	none	1	1	1	1	1	1	1	1	1	0	0	0	0	0
17012	none	1	1	1	1	1	1	1	1	2	0	0	0	0	0
17023	none	1	1	1	1	1	1	1	1	1	0	0	0	0	0
17028	none	2	2	1	1	1	1	1	1	1	0	0	0	0	0
17032	none	1	1	1	1	1	1	1	1	1	0	0	0	0	0
17053	none	3	1	1	1	1	1	1	1	1	0	0	0	0	0
17061	none	1	1	1	0	1	1	1	1	1	0	0	0	0	0
17158	none	7	1	3	3	1	2	2	2	1	0	0	0	0	0
17180	none	1	1	1	1	2	1	2	1	1	0	0	0	0	0
172	none	5	2	1	1	1	1	1	1	1	0	0	0	0	0
17235	none	1	1	1	1	1	1	1	1	1	0	0	0	0	0
17236	none	2	3	4	1	1	1	1	1	1	0	0	0	0	0
17241	none	1	1	1	2	1	3	1	1	1	0	0	0	0	0
17277	none	1	1	1	1	1	1	1	1	1	0	0	0	0	0
173	none	1	1	1	1	1	1	1	1	1	0	0	0	0	0
17326	none	1	1	1	1	1	1	1	1	1	0	0	0	0	0
17410	none	1	1	1	1	1	1	2	1	1	0	0	0	0	0
17425	none	1	3	0	1	1	1	1	1	1	0	0	0	0	0
17428	none	1	1	1	0	0	1	0	1	1	0	0	0	0	0
17461	none	1	2	0	1	1	0	1	1	1	0	0	0	0	0
17472	none	2	1	1	1	1	1	1	1	1	0	0	0	0	0
17483	none	1	1	1	1	1	1	1	1	1	0	0	0	0	0
17486	none	1	1	1	1	1	1	1	1	1	0	0	0	0	0
17496	none	1	1	2	1	1	1	1	1	1	0	0	0	0	0
17499	none	1	2	1	1	1	1	1	1	1	0	0	0	0	0
17511	none	1	1	1	1	1	1	1	1	1	0	0	0	0	0
17516	none	1	1	1	1	1	1	1	1	1	0	0	0	0	0
17539	none	1	1	1	1	1	2	1	1	1	0	0	0	0	0
17543	none	1	1	1	1	1	1	1	1	1	0	0	0	0	0
17609	none	1	1	1	1	1	1	1	1	1	0	0	0	0	0
17612	none	1	1	1	1	1	1	1	1	1	0	0	0	0	0
17654	none	2	1	1	1	1	1	1	1	1	0	0	0	0	0
17682	none	1	1	0	1	1	0	0	1	1	0	0	0	0	0
17690	none	3	1	1	1	2	1	1	1	2	0	0	0	0	0
17702	none	1	4	2	2	2	5	1	3	2	0	0	0	0	0
17705	none	1	1	1	1	1	1	1	1	1	0	0	0	0	0
17725	none	1	1	1	1	1	1	1	1	1	0	0	0	0	0
17756	none	1	1	1	1	1	1	1	1	1	0	0	0	0	0
17765	none	1	1	0	0	0	0	1	1	0	0	0	0	0	0
17819	none	1	1	1	1	1	1	1	1	1	0	0	0	0	0
17833	none	1	1	1	1	1	1	1	1	1	0	0	0	0	0
17849	none	1	1	1	1	1	1	1	1	1	0	0	0	0	0
17927	none	1	1	1	1	1	1	1	1	1	0	0	0	0	0
17964	none	1	1	1	1	1	1	1	1	1	0	0	0	0	0
17970	none	1	2	3	3	2	4	1	5	5	0	0	0	0	0
18006	none	2	1	1	1	1	1	1	1	1	0	0	0	0	0
18025	none	1	1	1	1	1	1	1	1	1	0	0	0	0	0
18047	none	1	1	1	1	1	1	1	1	1	0	0	0	0	0
18076	none	2	1	1	1	1	1	1	2	2	0	0	0	0	0
18083	none	1	1	1	1	1	4	1	1	1	0	0	0	0	0
18110	none	1	1	1	1	1	1	1	1	1	0	0	0	0	0
18111	none	2	2	2	2	2	2	2	1	1	0	0	0	0	0
18121	none	1	1	1	1	1	1	1	1	1	0	0	0	0	0
18129	none	1	1	1	1	2	1	1	1	1	0	0	0	0	0
18155	none	1	1	1	1	1	1	1	1	1	0	0	0	0	0
18183	none	1	1	1	1	1	1	1	1	1	0	0	0	0	0
1819	none	1	2	1	1	1	1	1	1	1	0	0	0	0	0
18207	none	5	2	7	4	5	4	5	4	3	0	0	0	0	0
18221	none	1	1	1	1	1	1	1	1	1	0	0	0	0	0
18286	none	1	1	0	1	1	1	1	1	1	0	0	0	0	0
18299	none	2	1	1	1	1	1	1	1	1	0	0	0	0	0
1837	none	1	1	1	1	1	1	1	1	1	0	0	0	0	0
18534	none	1	2	1	1	1	1	1	1	1	0	0	0	0	0
18539	none	1	1	1	1	1	1	1	1	1	0	0	0	0	0
18569	none	1	1	1	1	1	1	1	1	1	0	0	0	0	0
18587	none	1	1	1	1	1	1	1	1	1	0	0	0	0	0
18604	none	1	1	1	1	1	1	2	1	1	0	0	0	0	0
18607	none	1	1	1	1	1	1	1	1	1	0	0	0	0	0
18616	none	1	1	1	1	1	1	1	1	1	0	0	0	0	0
18658	none	1	1	1	1	1	1	1	1	1	0	0	0	0	0
18675	none	1	1	1	1	1	1	1	1	1	0	0	0	0	0
18676	none	1	1	1	1	1	1	1	1	1	0	0	0	0	0
18694	none	1	1	1	1	1	1	1	1	1	0	0	0	0	0
18739	none	1	1	1	2	1	1	1	1	4	0	0	0	0	0
18748	none	1	1	1	1	1	1	1	2	1	0	0	0	0	0
18761	none	2	1	0	0	1	1	0	1	1	0	0	0	0	0
18762	none	1	1	1	1	1	1	1	1	1	0	0	0	0	0
18765	none	1	1	1	1	0	1	1	1	1	0	0	0	0	0
18852	none	4	3	3	6	4	3	3	5	4	0	0	0	0	0
18853	none	2	1	1	1	1	1	1	1	1	0	0	0	0	0
18854	none	1	1	1	1	1	1	1	1	1	0	0	0	0	0
18877	none	1	1	1	1	1	1	1	1	1	0	0	0	0	0
18897	none	1	1	1	2	1	1	1	1	1	0	0	0	0	0
18936	none	1	1	1	1	1	1	1	1	1	0	0	0	0	0
18962	none	1	2	1	1	1	1	1	1	1	0	0	0	0	0
18987	none	5	5	1	1	0	1	1	3	2	0	0	0	0	0
19012	none	1	1	1	1	1	1	2	1	1	0	0	0	0	0
19016	none	1	1	0	1	1	1	1	1	1	0	0	0	0	0
19034	none	2	1	1	1	1	1	1	1	1	0	0	0	0	0
19067	none	1	1	1	1	1	1	1	1	1	0	0	0	0	0
19085	none	1	4	1	1	1	1	1	1	1	0	0	0	0	0
19092	none	1	1	1	1	1	1	1	1	1	0	0	0	0	0
1910	none	1	1	1	1	1	1	1	1	1	0	0	0	0	0
19109	none	1	1	3	2	2	4	3	2	1	0	0	0	0	0
19120	none	1	1	1	1	1	1	1	1	1	0	0	0	0	0
19127	none	1	2	1	1	1	1	1	1	1	0	0	0	0	0
19154	none	1	1	1	0	0	0	0	0	1	0	0	0	0	0
19173	none	1	1	1	1	1	1	1	1	1	0	0	0	0	0
19176	none	1	1	1	1	1	1	1	1	1	0	0	0	0	0
19222	none	1	1	1	1	1	1	1	1	1	0	0	0	0	0
19235	none	1	1	1	1	1	1	1	1	1	0	0	0	0	0
19246	none	1	1	1	1	1	1	1	2	2	0	0	0	0	0
19271	none	1	1	1	1	1	1	1	1	1	0	0	0	0	0
19315	none	1	1	1	1	1	1	1	1	1	0	0	0	0	0
19347	none	1	1	1	1	1	1	1	1	1	0	0	0	0	0
19381	none	1	1	1	1	1	1	1	1	1	0	0	0	0	0
19395	none	1	1	1	1	1	1	1	1	1	0	0	0	0	0
19440	none	1	2	1	1	1	1	1	1	1	0	0	0	0	0
19459	none	1	1	1	1	1	1	1	1	1	0	0	0	0	0
1948	none	1	1	1	1	1	1	1	1	1	0	0	0	0	0
19506	none	5	2	2	2	2	2	1	2	1	0	0	0	0	0
19527	none	1	2	1	1	1	1	1	1	1	0	0	0	0	0
1954	none	1	1	1	1	1	1	1	1	1	0	0	0	0	0
19585	none	1	1	1	1	1	1	1	1	1	0	0	0	0	0
19592	none	1	1	1	1	1	1	1	1	1	0	0	0	0	0
19662	none	1	1	1	1	1	1	1	1	1	0	0	0	0	0
19679	none	13	1	1	1	1	1	1	1	1	0	0	0	0	0
19682	none	9	1	1	1	1	1	2	2	1	0	0	0	0	0
19775	none	1	1	1	1	1	1	1	1	1	0	0	0	0	0
19783	none	1	1	1	1	1	1	1	1	1	0	0	0	0	0
19792	none	1	1	1	1	1	1	1	1	1	0	0	0	0	0
19908	none	2	2	2	2	2	2	2	2	2	0	0	0	0	0
19919	none	1	1	1	2	1	1	1	1	1	0	0	0	0	0
1993	none	1	1	1	1	1	1	1	1	1	0	0	0	0	0
19977	none	1	1	1	1	1	1	1	1	1	0	0	0	0	0
20018	none	5	3	9	9	14	12	11	10	12	0	0	0	0	0
20186	none	1	1	1	1	1	2	1	1	1	0	0	0	0	0
20191	none	1	1	1	1	1	1	1	1	1	0	0	0	0	0
20208	none	1	1	1	1	1	1	1	1	1	0	0	0	0	0
20250	none	1	1	1	3	1	1	0	2	2	0	0	0	0	0
20292	none	1	1	1	1	1	1	1	1	1	0	0	0	0	0
20309	none	1	1	1	1	1	1	1	1	1	0	0	0	0	0
20328	none	8	1	5	5	11	5	2	1	1	0	0	0	0	0
20342	none	1	1	1	1	1	1	1	1	1	0	0	0	0	0
20366	none	2	1	2	2	2	2	2	1	2	0	0	0	0	0
20383	none	1	1	1	1	1	2	1	1	1	0	0	0	0	0
20398	none	1	1	1	1	1	1	1	1	1	0	0	0	0	0
204	none	1	1	1	1	1	1	1	1	1	0	0	0	0	0
20404	none	1	1	1	1	1	1	1	1	1	0	0	0	0	0
20430	none	1	1	0	0	0	0	1	1	1	0	0	0	0	0
20431	none	11	6	12	12	7	6	7	7	4	0	0	0	0	0
20446	none	1	1	1	1	1	1	1	1	1	0	0	0	0	0
20452	none	1	1	1	1	1	1	1	1	1	0	0	0	0	0
20455	none	1	1	1	1	1	1	1	1	1	0	0	0	0	0
20470	none	1	1	1	1	1	1	1	1	1	0	0	0	0	0
20473	none	1	1	1	1	0	0	0	1	0	0	0	0	0	0
20529	none	1	1	1	1	1	1	1	1	1	0	0	0	0	0
20532	none	1	1	1	1	1	1	1	1	1	0	0	0	0	0
20533	none	7	1	2	2	3	2	5	3	2	0	0	0	0	0
20558	none	1	1	1	1	1	1	2	1	1	0	0	0	0	0
20577	none	1	1	1	1	1	1	1	1	1	0	0	0	0	0
20646	none	1	1	1	1	1	1	0	1	1	0	0	0	0	0
20671	none	1	1	1	1	1	1	1	1	1	0	0	0	0	0
20694	none	1	1	1	1	1	1	1	1	1	0	0	0	0	0
20698	none	1	1	1	2	1	2	1	1	1	0	0	0	0	0
20726	none	1	1	1	1	1	1	1	1	1	0	0	0	0	0
20750	none	1	1	1	1	1	1	1	1	1	0	0	0	0	0
20760	none	3	1	1	1	1	1	1	1	1	0	0	0	0	0
20767	none	1	1	1	1	1	1	1	1	1	0	0	0	0	0
20800	none	1	1	1	1	1	1	1	1	1	0	0	0	0	0
20848	none	1	1	1	1	1	1	1	1	1	0	0	0	0	0
20894	none	1	1	1	1	1	1	1	1	1	0	0	0	0	0
20907	none	1	1	1	1	1	1	2	1	1	0	0	0	0	0
2094	none	1	1	1	1	1	1	1	1	1	0	0	0	0	0
20942	none	1	2	1	1	1	1	1	1	1	0	0	0	0	0
20967	none	5	4	4	3	5	3	5	3	2	0	0	0	0	0
20998	none	1	1	1	1	1	1	1	1	1	0	0	0	0	0
21008	none	1	1	1	1	1	1	1	1	1	0	0	0	0	0
21018	none	2	2	2	2	2	2	2	2	2	0	0	0	0	0
21032	none	1	2	1	1	2	1	1	1	1	0	0	0	0	0
21045	none	4	1	0	5	5	4	6	5	4	0	0	0	0	0
21057	none	2	1	1	1	1	1	1	1	1	0	0	0	0	0
21080	none	1	1	1	2	3	1	1	1	1	0	0	0	0	0
21098	none	10	2	3	3	2	2	4	3	3	0	0	0	0	0
21110	none	1	1	1	1	1	1	1	1	1	0	0	0	0	0
21138	none	1	2	2	1	2	1	1	1	2	0	0	0	0	0
21139	none	1	1	1	1	1	1	1	1	1	0	0	0	0	0
21158	none	1	2	1	1	1	1	1	1	1	0	0	0	0	0
21189	none	1	2	1	1	1	1	1	1	1	0	0	0	0	0
21194	none	1	1	1	1	1	1	1	1	1	0	0	0	0	0
21196	none	1	1	0	1	0	1	1	1	1	0	0	0	0	0
21216	none	2	1	1	1	1	1	1	0	1	0	0	0	0	0
21255	none	1	1	1	1	1	1	1	1	1	0	0	0	0	0
21257	none	1	1	1	1	1	1	1	1	1	0	0	0	0	0
2131	none	1	1	1	1	1	1	1	1	1	0	0	0	0	0
21313	none	1	1	4	4	4	5	2	2	2	0	0	0	0	0
21316	none	1	1	1	1	1	1	1	1	1	0	0	0	0	0
21327	none	1	1	1	1	1	1	1	1	1	0	0	0	0	0
21413	none	1	1	1	1	1	1	1	1	1	0	0	0	0	0
2142	none	1	1	1	1	1	1	1	1	1	0	0	0	0	0
21470	none	1	1	0	0	0	1	0	1	0	0	0	0	0	0
21514	none	1	1	1	1	1	1	1	1	1	0	0	0	0	0
21554	none	30	1	4	7	6	2	3	3	2	0	0	0	0	0
21613	none	1	1	1	1	1	1	1	1	1	0	0	0	0	0
21640	none	1	1	1	1	1	1	1	1	1	0	0	0	0	0
21714	none	1	1	2	2	2	3	2	2	3	0	0	0	0	0
21723	none	1	1	1	1	1	1	1	1	1	0	0	0	0	0
21724	none	1	1	1	1	1	1	1	1	1	0	0	0	0	0
21738	none	1	1	1	1	1	0	1	1	0	0	0	0	0	0
21739	none	1	2	1	1	1	1	1	1	1	0	0	0	0	0
2174	none	1	1	1	1	1	1	1	1	1	0	0	0	0	0
21766	none	1	1	1	1	2	1	1	1	1	0	0	0	0	0
21768	none	1	1	1	1	2	1	1	1	1	0	0	0	0	0
21809	none	1	1	1	2	2	2	1	1	1	0	0	0	0	0
2184	none	1	1	1	1	1	1	1	1	1	0	0	0	0	0
21848	none	1	1	1	1	1	1	1	1	1	0	0	0	0	0
21862	none	1	1	1	1	1	1	1	1	1	0	0	0	0	0
21923	none	2	1	1	1	1	1	1	1	1	0	0	0	0	0
21926	none	1	1	1	1	1	1	1	1	1	0	0	0	0	0
21929	none	1	1	1	1	1	1	1	1	1	0	0	0	0	0
21945	none	1	1	1	1	1	1	1	0	1	0	0	0	0	0
21959	none	1	2	1	1	1	0	1	1	1	0	0	0	0	0
21964	none	1	1	1	1	1	1	1	1	1	0	0	0	0	0
21969	none	1	1	1	1	1	1	1	1	1	0	0	0	0	0
22022	none	1	1	1	1	1	1	1	1	1	0	0	0	0	0
22035	none	1	1	1	1	1	1	1	1	2	0	0	0	0	0
22039	none	1	1	1	1	1	1	1	1	1	0	0	0	0	0
22052	none	2	1	1	1	1	1	1	1	1	0	0	0	0	0
22056	none	1	1	1	1	1	1	1	1	1	0	0	0	0	0
2206	none	1	1	1	1	1	1	1	1	1	0	0	0	0	0
22098	none	1	1	1	1	1	1	2	1	1	0	0	0	0	0
22129	none	1	5	1	1	1	1	1	1	1	0	0	0	0	0
2214	none	1	1	1	1	1	1	1	1	1	0	0	0	0	0
22254	none	1	1	1	1	1	1	1	1	1	0	0	0	0	0
22262	none	1	1	2	1	1	1	1	0	1	0	0	0	0	0
22301	none	3	1	1	1	1	1	1	1	1	0	0	0	0	0
22355	none	1	1	1	1	1	1	1	1	1	0	0	0	0	0
22409	none	1	1	1	1	1	1	1	1	1	0	0	0	0	0
22411	none	1	1	1	2	1	1	1	1	1	0	0	0	0	0
22431	none	1	1	1	1	1	1	1	1	1	0	0	0	0	0
22451	none	1	1	1	1	1	1	1	1	1	0	0	0	0	0
22473	none	2	1	1	1	1	1	1	1	1	0	0	0	0	0
22478	none	1	2	1	1	1	1	1	1	1	0	0	0	0	0
22518	none	1	1	1	1	1	1	1	1	0	0	0	0	0	0
22558	none	1	1	2	2	2	2	2	2	2	0	0	0	0	0
22585	none	1	1	1	1	1	2	1	1	1	0	0	0	0	0
22587	none	1	1	1	1	1	1	1	1	1	0	0	0	0	0
22606	none	1	1	1	2	1	1	1	1	1	0	0	0	0	0
22618	none	1	1	1	1	1	1	1	1	1	0	0	0	0	0
22640	none	1	1	1	1	1	1	0	1	0	0	0	0	0	0
22673	none	1	1	1	1	1	1	1	1	1	0	0	0	0	0
22683	none	1	1	1	1	1	1	1	1	1	0	0	0	0	0
22704	none	1	1	1	1	1	1	1	1	1	0	0	0	0	0
22716	none	1	1	1	1	1	1	1	1	1	0	0	0	0	0
22740	none	1	1	1	1	3	0	1	2	1	0	0	0	0	0
22749	none	1	1	1	1	1	2	2	1	1	0	0	0	0	0
22757	none	1	1	1	1	1	2	1	1	2	0	0	0	0	0
2277	none	1	1	1	1	1	1	1	1	1	0	0	0	0	0
22780	none	1	1	1	1	1	1	1	1	1	0	0	0	0	0
22876	none	1	1	1	1	1	1	1	1	1	0	0	0	0	0
22930	none	1	1	1	1	1	1	1	1	1	0	0	0	0	0
22952	none	1	1	1	1	1	1	1	2	1	0	0	0	0	0
22977	none	1	1	1	1	1	1	1	1	1	0	0	0	0	0
22991	none	1	1	1	2	1	1	1	1	1	0	0	0	0	0
23006	none	1	1	1	1	1	1	1	1	1	0	0	0	0	0
23012	none	16	1	1	1	1	1	1	1	1	0	0	0	0	0
23014	none	1	1	0	1	1	1	1	1	1	0	0	0	0	0
23015	none	1	2	3	3	4	2	2	4	3	0	0	0	0	0
23051	none	1	1	1	1	1	1	1	1	1	0	0	0	0	0
23067	none	1	1	1	1	1	1	1	1	1	0	0	0	0	0
23082	none	1	1	1	1	1	1	1	1	1	0	0	0	0	0
2310	none	1	2	1	2	2	1	1	1	1	0	0	0	0	0
23125	none	1	1	1	1	1	1	1	1	1	0	0	0	0	0
23254	none	1	1	1	1	1	1	1	1	1	0	0	0	0	0
23261	none	1	1	1	1	1	1	1	1	1	0	0	0	0	0
23275	none	1	1	1	1	1	1	1	1	1	0	0	0	0	0
2333	none	1	1	1	1	1	1	1	1	1	0	0	0	0	0
23402	none	1	1	1	1	1	1	1	1	1	0	0	0	0	0
23422	none	1	1	1	1	1	1	1	1	1	0	0	0	0	0
23433	none	1	1	1	1	1	1	1	1	1	0	0	0	0	0
23460	none	1	1	1	2	1	1	1	1	1	0	0	0	0	0
23463	none	1	1	1	1	1	1	1	1	1	0	0	0	0	0
23467	none	1	1	1	1	1	1	1	1	1	0	0	0	0	0
23472	none	1	1	1	1	1	1	1	1	1	0	0	0	0	0
23509	none	1	1	1	1	1	1	1	1	1	0	0	0	0	0
23569	none	1	1	1	1	1	1	1	1	1	0	0	0	0	0
23580	none	2	1	1	1	1	1	1	1	1	0	0	0	0	0
2361	none	1	1	1	1	1	9	1	1	1	0	0	0	0	0
23620	none	2	2	1	1	1	1	1	1	1	0	0	0	0	0
23637	none	1	1	1	1	1	1	1	1	1	0	0	0	0	0
23663	none	1	1	1	1	1	1	1	1	1	0	0	0	0	0
23734	none	2	1	1	1	1	1	1	1	1	0	0	0	0	0
23768	none	2	2	1	1	1	1	1	1	1	0	0	0	0	0
23771	none	1	1	1	1	1	1	1	1	1	0	0	0	0	0
23785	none	1	1	0	1	1	1	1	1	1	0	0	0	0	0
23819	none	1	1	1	2	1	1	1	1	1	0	0	0	0	0
23852	none	1	1	1	1	1	1	1	1	1	0	0	0	0	0
23870	none	1	1	1	1	1	1	1	1	1	0	0	0	0	0
23871	none	1	1	1	1	1	1	1	1	1	0	0	0	0	0
23893	none	1	1	0	0	1	1	1	1	1	0	0	0	0	0
23929	none	1	1	1	1	1	1	1	1	1	0	0	0	0	0
23931	none	1	1	1	1	1	1	1	1	1	0	0	0	0	0
23949	none	1	1	1	1	1	1	1	1	2	0	0	0	0	0
2398	none	1	1	1	1	1	1	1	1	1	0	0	0	0	0
23989	none	1	1	1	1	1	1	1	1	1	0	0	0	0	0
2399	none	1	1	1	2	1	1	1	1	1	0	0	0	0	0
23995	none	1	1	1	1	1	1	1	1	1	0	0	0	0	0
240	none	1	1	1	1	1	1	1	1	1	0	0	0	0	0
24009	none	1	1	1	0	1	1	1	1	1	0	0	0	0	0
24018	none	1	1	1	1	1	1	1	2	1	0	0	0	0	0
24089	none	1	1	1	1	1	1	1	1	1	0	0	0	0	0
24173	none	1	1	1	1	1	1	1	1	1	0	0	0	0	0
24221	none	1	1	1	1	1	1	1	1	1	0	0	0	0	0
24286	none	1	1	1	1	1	1	1	1	1	0	0	0	0	0
24294	none	1	0	0	2	2	3	8	3	2	0	0	0	0	0
24309	none	1	1	1	2	1	1	1	1	1	0	0	0	0	0
24360	none	1	1	1	1	1	1	1	1	1	0	0	0	0	0
2437	none	1	1	1	1	1	1	1	1	1	0	0	0	0	0
24371	none	9	3	4	6	4	4	4	7	6	0	0	0	0	0
24372	none	1	1	1	1	1	1	1	1	1	0	0	0	0	0
24380	none	1	2	1	1	1	1	1	2	0	0	0	0	0	0
24382	none	1	2	1	1	1	1	1	1	1	0	0	0	0	0
24398	none	1	1	1	2	1	1	1	1	1	0	0	0	0	0
24428	none	1	1	1	1	1	1	1	1	1	0	0	0	0	0
24433	none	1	1	1	1	1	1	1	1	1	0	0	0	0	0
24443	none	1	1	1	1	0	1	1	1	1	0	0	0	0	0
24473	none	1	1	1	1	1	1	1	1	1	0	0	0	0	0
24494	none	1	1	2	1	1	1	1	1	1	0	0	0	0	0
24497	none	1	1	1	1	1	2	1	1	1	0	0	0	0	0
24515	none	1	1	1	1	1	1	1	1	1	0	0	0	0	0
2457	none	1	1	1	1	1	1	1	1	1	0	0	0	0	0
24571	none	1	1	1	1	1	1	1	1	1	0	0	0	0	0
24609	none	1	1	2	2	2	3	2	1	1	0	0	0	0	0
24690	none	1	1	1	1	1	1	1	1	1	0	0	0	0	0
24733	none	1	1	1	1	1	1	2	1	1	0	0	0	0	0
24787	none	3	1	1	1	1	1	2	1	1	0	0	0	0	0
24805	none	1	1	1	1	1	1	1	1	1	0	0	0	0	0
24813	none	1	1	1	1	1	1	0	1	1	0	0	0	0	0
24899	none	1	1	1	1	1	1	1	1	1	0	0	0	0	0
24909	none	1	1	1	1	2	1	1	1	1	0	0	0	0	0
2492	none	1	1	1	1	1	1	1	1	1	0	0	0	0	0
24957	none	1	1	1	1	1	1	1	1	1	0	0	0	0	0
2496	none	23	4	8	8	6	10	8	6	6	0	0	0	0	0
24962	none	1	1	2	1	2	2	2	2	2	0	0	0	0	0
24967	none	1	1	1	1	1	2	1	1	1	0	0	0	0	0
24970	none	1	1	1	1	1	1	1	1	1	0	0	0	0	0
24994	none	1	2	1	1	1	1	1	1	1	0	0	0	0	0
25007	none	1	1	1	1	1	1	1	1	1	0	0	0	0	0
25040	none	1	1	1	1	1	1	1	1	1	0	0	0	0	0
25041	none	1	1	1	1	1	1	1	1	1	0	0	0	0	0
2505	none	1	1	1	1	1	1	1	1	1	0	0	0	0	0
25052	none	1	1	1	1	1	1	1	1	1	0	0	0	0	0
25175	none	1	1	1	1	2	3	1	1	1	0	0	0	0	0
25176	none	1	1	1	1	1	1	1	1	1	0	0	0	0	0
25186	none	1	1	4	4	4	3	3	3	3	0	0	0	0	0
25241	none	1	1	1	1	1	1	1	1	1	0	0	0	0	0
25243	none	1	1	1	1	1	1	1	1	1	0	0	0	0	0
25292	none	2	1	1	1	1	1	1	1	1	0	0	0	0	0
25316	none	2	1	0	0	0	1	1	2	1	0	0	0	0	0
25342	none	1	1	1	1	1	1	1	1	1	0	0	0	0	0
25353	none	1	1	1	1	0	1	1	1	1	0	0	0	0	0
25363	none	1	1	1	1	1	1	1	1	1	0	0	0	0	0
25364	none	2	1	1	1	1	1	1	1	0	0	0	0	0	0
25390	none	1	1	1	1	1	1	1	1	1	0	0	0	0	0
25472	none	2	1	1	1	1	1	1	1	1	0	0	0	0	0
25673	none	3	1	1	1	1	1	1	1	1	0	0	0	0	0
25682	none	2	1	1	1	1	1	1	1	1	0	0	0	0	0
25744	none	1	1	1	1	1	1	1	1	1	0	0	0	0	0
25752	none	1	1	1	2	1	1	1	1	1	0	0	0	0	0
25787	none	3	1	1	1	1	1	1	1	1	0	0	0	0	0
25799	none	1	1	1	1	1	1	1	1	1	0	0	0	0	0
25807	none	1	1	1	1	1	1	1	1	1	0	0	0	0	0
25813	none	1	1	1	1	1	1	1	1	1	0	0	0	0	0
25816	none	1	1	1	1	1	1	1	1	1	0	0	0	0	0
25840	none	1	1	1	1	1	1	1	1	1	0	0	0	0	0
25846	none	1	1	1	1	1	1	1	1	1	0	0	0	0	0
25869	none	12	1	1	1	1	1	1	1	1	0	0	0	0	0
25871	none	1	1	1	1	1	1	2	1	1	0	0	0	0	0
25882	none	1	1	1	1	1	0	1	1	0	0	0	0	0	0
25886	none	1	1	1	1	1	1	1	1	1	0	0	0	0	0
25920	none	1	1	1	1	1	1	1	1	1	0	0	0	0	0
25939	none	1	1	1	3	1	1	1	1	1	0	0	0	0	0
26001	none	1	1	1	1	1	1	1	1	1	0	0	0	0	0
26083	none	1	1	1	1	1	1	1	1	1	0	0	0	0	0
26105	none	1	1	1	1	1	1	1	1	1	0	0	0	0	0
26145	none	1	1	1	1	2	1	1	1	1	0	0	0	0	0
26180	none	1	1	1	2	1	1	1	1	1	0	0	0	0	0
26238	none	1	1	1	2	1	1	1	1	1	0	0	0	0	0
26289	none	1	1	1	1	1	1	1	1	1	0	0	0	0	0
26292	none	1	1	1	1	1	1	1	1	1	0	0	0	0	0
26296	none	1	1	1	1	1	1	1	1	1	0	0	0	0	0
26299	none	7	3	2	2	1	1	1	1	1	0	0	0	0	0
26379	none	1	1	1	1	1	2	1	1	1	0	0	0	0	0
2638	none	1	1	1	2	1	1	1	1	1	0	0	0	0	0
26503	none	1	2	2	0	1	1	1	2	1	0	0	0	0	0
26534	none	1	1	1	1	1	1	2	1	1	0	0	0	0	0
26556	none	1	1	1	1	1	2	1	1	1	0	0	0	0	0
266	none	2	1	1	3	2	2	0	2	1	0	0	0	0	0
26691	none	2	1	1	1	1	1	1	1	1	0	0	0	0	0
26693	none	1	1	1	1	1	1	1	1	1	0	0	0	0	0
26715	none	13	1	1	1	1	2	1	2	2	0	0	0	0	0
26738	none	1	4	1	1	1	1	1	1	1	0	0	0	0	0
26750	none	1	1	1	1	1	1	1	1	1	0	0	0	0	0
26761	none	1	1	1	2	1	1	1	1	1	0	0	0	0	0
26780	none	1	1	1	2	1	2	1	2	2	0	0	0	0	0
26786	none	1	2	1	1	1	1	1	1	1	0	0	0	0	0
26807	none	1	1	1	1	1	1	1	1	1	0	0	0	0	0
26827	none	1	1	1	1	1	1	1	1	1	0	0	0	0	0
26833	none	1	1	1	1	1	1	1	1	1	0	0	0	0	0
26885	none	13	1	2	2	2	1	2	1	1	0	0	0	0	0
26913	none	1	1	1	1	1	1	1	1	1	0	0	0	0	0
26921	none	1	1	0	1	1	1	0	2	2	0	0	0	0	0
2697	none	1	1	1	1	1	3	1	1	1	0	0	0	0	0
26985	none	2	1	1	2	1	1	1	1	1	0	0	0	0	0
26986	none	1	1	1	1	1	0	1	1	1	0	0	0	0	0
26994	none	1	1	1	1	1	1	1	1	1	0	0	0	0	0
27008	none	2	1	1	1	1	1	1	1	1	0	0	0	0	0
27014	none	1	1	1	1	1	1	1	1	1	0	0	0	0	0
27079	none	1	1	1	1	1	1	1	1	1	0	0	0	0	0
27211	none	1	2	1	1	1	1	1	1	1	0	0	0	0	0
27217	none	1	1	0	2	1	1	1	1	0	0	0	0	0	0
27252	none	1	1	1	1	1	1	1	1	1	0	0	0	0	0
27256	none	1	1	1	1	1	1	1	2	1	0	0	0	0	0
27260	none	1	1	1	1	1	1	1	1	1	0	0	0	0	0
27264	none	1	1	1	1	1	1	1	1	1	0	0	0	0	0
27265	none	1	1	1	1	1	1	1	1	1	0	0	0	0	0
27271	none	1	1	1	2	1	1	1	1	1	0	0	0	0	0
27361	none	1	1	1	1	1	1	1	1	1	0	0	0	0	0
27363	none	1	1	2	3	2	1	4	2	4	0	0	0	0	0
2740	none	1	1	0	0	0	1	1	1	2	0	0	0	0	0
27403	none	1	1	1	1	1	1	1	1	1	0	0	0	0	0
27422	none	1	1	1	1	1	1	1	1	1	0	0	0	0	0
27453	none	1	1	1	2	1	1	1	1	1	0	0	0	0	0
27455	none	1	1	1	1	1	1	1	1	2	0	0	0	0	0
27472	none	1	1	1	1	1	1	1	1	1	0	0	0	0	0
2749	none	1	1	1	1	1	1	1	1	1	0	0	0	0	0
27490	none	1	3	1	1	1	1	1	1	1	0	0	0	0	0
27492	none	1	1	1	1	1	1	1	1	1	0	0	0	0	0
2750	none	1	1	1	1	1	1	1	1	1	0	0	0	0	0
2755	none	7	6	0	31	11	45	7	26	19	0	0	0	0	0
2765	none	1	1	1	1	1	1	1	1	1	0	0	0	0	0
2814	none	1	1	1	1	1	1	1	1	1	0	0	0	0	0
2815	none	1	2	1	1	1	1	1	1	1	0	0	0	0	0
2824	none	1	1	1	1	1	1	1	1	1	0	0	0	0	0
2826	none	2	1	1	1	1	1	1	1	1	0	0	0	0	0
2853	none	1	1	1	1	1	1	1	1	1	0	0	0	0	0
2857	none	1	1	1	1	1	1	1	1	1	0	0	0	0	0
286	none	1	1	1	1	1	1	1	1	1	0	0	0	0	0
2889	none	1	1	1	1	1	1	1	1	1	0	0	0	0	0
2919	none	1	1	1	1	1	1	1	1	1	0	0	0	0	0
2922	none	1	1	1	1	1	1	1	1	1	0	0	0	0	0
2937	none	1	1	1	1	1	1	1	1	1	0	0	0	0	0
2939	none	2	1	2	2	2	2	2	2	2	0	0	0	0	0
2984	none	2	1	1	1	1	1	1	1	1	0	0	0	0	0
3006	none	1	1	1	1	1	1	1	1	1	0	0	0	0	0
3007	none	1	1	1	1	49	3	1	1	1	0	0	0	0	0
3021	none	1	1	1	1	1	1	1	1	1	0	0	0	0	0
3023	none	1	2	1	1	1	1	1	1	1	0	0	0	0	0
3035	none	1	1	1	1	1	1	1	1	1	0	0	0	0	0
3061	none	1	1	1	1	1	1	1	1	1	0	0	0	0	0
3087	none	1	1	1	1	1	1	1	1	1	0	0	0	0	0
311	none	1	1	1	1	1	1	1	1	1	0	0	0	0	0
3113	none	2	1	1	1	1	1	1	1	1	0	0	0	0	0
3125	none	1	2	1	1	1	2	1	1	1	0	0	0	0	0
3167	none	1	1	1	2	1	1	1	1	1	0	0	0	0	0
321	none	1	1	1	1	1	1	1	1	1	0	0	0	0	0
3213	none	1	1	1	1	1	1	1	1	1	0	0	0	0	0
3216	none	1	1	1	1	1	1	1	1	1	0	0	0	0	0
3247	none	1	1	1	1	1	1	1	1	1	0	0	0	0	0
3249	none	1	1	1	1	1	1	1	1	1	0	0	0	0	0
3285	none	1	1	1	1	1	1	1	1	1	0	0	0	0	0
3318	none	1	9	1	2	1	1	1	2	1	0	0	0	0	0
333	none	1	1	2	2	2	2	1	1	1	0	0	0	0	0
3372	none	1	1	1	1	1	1	1	1	1	0	0	0	0	0
3403	none	1	1	1	1	1	1	1	1	1	0	0	0	0	0
3419	none	1	1	1	1	1	1	1	1	2	0	0	0	0	0
3430	none	1	1	0	2	1	1	1	1	1	0	0	0	0	0
3461	none	1	1	1	1	1	1	2	1	1	0	0	0	0	0
3462	none	1	1	1	1	1	1	1	1	1	0	0	0	0	0
3474	none	9	4	4	4	3	4	3	3	4	0	0	0	0	0
3480	none	1	1	1	1	1	1	1	1	1	0	0	0	0	0
3500	none	1	1	1	1	1	1	1	1	1	0	0	0	0	0
3548	none	1	1	1	1	1	1	1	1	1	0	0	0	0	0
3564	none	1	1	1	1	1	1	1	1	1	0	0	0	0	0
362	none	1	1	1	1	1	1	1	1	1	0	0	0	0	0
3621	none	1	2	1	1	1	1	1	1	0	0	0	0	0	0
3622	none	1	2	1	2	1	1	1	1	1	0	0	0	0	0
3633	none	1	1	1	2	1	1	1	2	1	0	0	0	0	0
3641	none	1	1	1	1	1	0	0	1	0	0	0	0	0	0
3651	none	1	1	1	1	1	1	1	1	1	0	0	0	0	0
3700	none	1	1	1	2	2	1	1	1	1	0	0	0	0	0
3719	none	1	1	1	1	1	1	1	1	1	0	0	0	0	0
3725	none	1	1	1	1	1	0	1	1	0	0	0	0	0	0
3736	none	1	1	1	1	1	4	1	2	2	0	0	0	0	0
3743	none	9	2	3	3	3	3	3	4	3	0	0	0	0	0
3765	none	1	1	1	1	2	1	1	1	1	0	0	0	0	0
3770	none	1	1	1	1	1	1	1	1	1	0	0	0	0	0
378	none	3	1	2	1	1	1	1	1	1	0	0	0	0	0
3820	none	2	2	1	1	1	1	1	1	1	0	0	0	0	0
3825	none	1	1	1	1	1	1	1	1	1	0	0	0	0	0
3843	none	1	1	0	1	1	1	1	1	1	0	0	0	0	0
387	none	1	1	1	1	1	1	1	1	1	0	0	0	0	0
3889	none	2	1	1	1	1	2	1	1	1	0	0	0	0	0
3901	none	1	1	1	1	1	1	1	1	1	0	0	0	0	0
3910	none	1	1	1	1	1	1	0	1	1	0	0	0	0	0
3915	none	1	1	1	1	1	1	1	2	2	0	0	0	0	0
3975	none	1	1	1	1	1	1	1	1	1	0	0	0	0	0
3984	none	3	2	2	2	2	2	2	2	2	0	0	0	0	0
4000	none	1	5	1	1	1	1	1	1	1	0	0	0	0	0
4017	none	1	1	1	1	1	1	1	1	1	0	0	0	0	0
4026	none	1	1	1	1	1	1	1	1	2	0	0	0	0	0
403	none	1	1	1	1	1	1	1	1	1	0	0	0	0	0
4081	none	1	1	1	2	1	1	1	1	1	0	0	0	0	0
4087	none	1	1	1	1	1	1	1	1	1	0	0	0	0	0
4098	none	1	1	1	1	1	1	1	1	1	0	0	0	0	0
4101	none	1	1	2	1	1	1	1	1	1	0	0	0	0	0
4127	none	1	1	1	1	1	1	1	1	1	0	0	0	0	0
4158	none	1	1	1	1	1	1	1	2	1	0	0	0	0	0
4166	none	1	1	1	2	1	1	2	1	2	0	0	0	0	0
4183	none	1	1	1	1	1	1	1	1	1	0	0	0	0	0
4221	none	1	1	1	1	1	1	1	1	1	0	0	0	0	0
4232	none	2	1	1	1	1	1	1	1	1	0	0	0	0	0
4246	none	2	1	4	4	4	9	4	5	5	0	0	0	0	0
4272	none	1	1	1	1	1	1	1	1	1	0	0	0	0	0
4287	none	1	2	1	2	1	1	1	1	1	0	0	0	0	0
4292	none	1	1	1	1	2	1	1	1	1	0	0	0	0	0
4293	none	1	1	1	1	1	1	1	1	1	0	0	0	0	0
4302	none	1	1	0	1	1	1	1	1	1	0	0	0	0	0
4321	none	1	1	1	1	1	1	0	0	1	0	0	0	0	0
4322	none	1	1	1	2	1	1	1	1	1	0	0	0	0	0
4385	none	1	2	1	1	1	1	1	1	1	0	0	0	0	0
449	none	1	1	1	2	1	1	1	1	1	0	0	0	0	0
4500	none	1	1	1	1	1	1	0	1	1	0	0	0	0	0
4564	none	1	1	1	2	1	1	1	1	1	0	0	0	0	0
4639	none	1	1	1	1	1	1	1	1	1	0	0	0	0	0
4660	none	1	1	1	1	1	1	1	1	1	0	0	0	0	0
469	none	1	1	1	1	1	1	1	1	1	0	0	0	0	0
4760	none	3	3	8	11	8	8	2	6	5	0	0	0	0	0
4772	none	1	1	1	1	1	0	1	1	1	0	0	0	0	0
4800	none	1	1	1	2	1	1	1	1	1	0	0	0	0	0
4874	none	41	2	9	9	9	9	9	8	8	0	0	0	0	0
4893	none	1	1	1	1	1	2	1	1	1	0	0	0	0	0
4895	none	2	1	1	1	1	1	1	0	1	0	0	0	0	0
500	none	6	1	1	1	1	1	1	1	1	0	0	0	0	0
5005	none	1	1	1	1	1	1	0	1	1	0	0	0	0	0
5051	none	1	1	0	0	0	1	0	0	1	0	0	0	0	0
5055	none	1	1	1	1	2	1	1	1	1	0	0	0	0	0
5065	none	1	1	1	2	1	1	1	1	1	0	0	0	0	0
5071	none	1	1	1	1	1	1	1	1	1	0	0	0	0	0
5085	none	1	2	1	1	1	1	1	1	1	0	0	0	0	0
5139	none	1	1	1	1	1	1	1	1	1	0	0	0	0	0
5145	none	2	3	1	1	1	1	1	1	1	0	0	0	0	0
5157	none	1	3	1	1	1	1	1	1	1	0	0	0	0	0
5160	none	1	1	1	2	1	1	1	1	1	0	0	0	0	0
5168	none	1	1	1	1	1	1	1	1	1	0	0	0	0	0
5186	none	3	1	1	1	1	1	1	1	1	0	0	0	0	0
5200	none	1	1	1	1	1	1	1	1	1	0	0	0	0	0
5204	none	1	1	1	1	1	1	1	1	1	0	0	0	0	0
524	none	1	1	2	2	2	2	2	2	2	0	0	0	0	0
5260	none	5	1	1	2	1	1	1	1	1	0	0	0	0	0
5267	none	1	1	1	1	1	1	1	1	1	0	0	0	0	0
5285	none	1	1	1	1	1	1	1	1	1	0	0	0	0	0
530	none	1	1	1	1	1	1	1	1	1	0	0	0	0	0
5303	none	1	1	1	1	1	1	1	1	1	0	0	0	0	0
5307	none	1	1	1	1	1	1	1	1	1	0	0	0	0	0
5312	none	1	1	1	1	1	1	1	1	1	0	0	0	0	0
5347	none	1	1	1	1	1	1	1	1	1	0	0	0	0	0
5366	none	1	1	1	1	1	1	1	1	1	0	0	0	0	0
5370	none	1	1	3	3	2	4	2	2	3	0	0	0	0	0
543	none	1	1	7	3	2	2	3	1	3	0	0	0	0	0
5434	none	1	1	1	1	1	1	1	1	1	0	0	0	0	0
546	none	1	1	1	1	1	1	1	1	1	0	0	0	0	0
5460	none	1	1	1	1	1	1	0	1	1	0	0	0	0	0
5475	none	1	1	1	1	1	1	1	1	1	0	0	0	0	0
5513	none	3	1	3	3	4	2	2	1	1	0	0	0	0	0
5529	none	1	1	1	1	1	1	1	1	1	0	0	0	0	0
5562	none	1	1	1	1	1	0	1	1	1	0	0	0	0	0
5563	none	1	1	1	1	1	1	1	1	1	0	0	0	0	0
5572	none	1	1	1	1	1	1	1	1	2	0	0	0	0	0
5603	none	2	1	1	2	3	1	1	1	1	0	0	0	0	0
5605	none	1	1	1	1	1	1	1	1	1	0	0	0	0	0
5606	none	1	1	0	1	1	0	0	1	1	0	0	0	0	0
561	none	1	1	1	1	1	1	1	1	1	0	0	0	0	0
5650	none	1	1	1	1	1	1	1	1	1	0	0	0	0	0
5698	none	1	1	1	1	1	1	1	1	1	0	0	0	0	0
5723	none	2	1	1	1	1	1	1	1	1	0	0	0	0	0
5728	none	1	2	1	1	1	1	1	1	1	0	0	0	0	0
5781	none	1	1	2	2	2	2	2	1	1	0	0	0	0	0
5794	none	1	1	1	1	1	1	1	1	1	0	0	0	0	0
5810	none	1	1	1	0	1	1	1	1	1	0	0	0	0	0
583	none	1	1	1	1	1	1	1	1	1	0	0	0	0	0
5867	none	1	1	1	1	1	1	1	1	1	0	0	0	0	0
5898	none	1	2	1	1	1	1	1	1	1	0	0	0	0	0
5899	none	1	1	1	1	1	1	1	1	1	0	0	0	0	0
5921	none	1	1	1	1	1	6	1	1	1	0	0	0	0	0
5930	none	1	1	1	1	1	1	1	1	1	0	0	0	0	0
5942	none	1	2	1	1	1	1	1	1	1	0	0	0	0	0
5943	none	16	4	7	7	5	7	4	7	8	0	0	0	0	0
5999	none	1	1	1	1	1	1	1	1	1	0	0	0	0	0
600	none	1	1	1	1	1	1	1	1	1	0	0	0	0	0
6085	none	1	2	2	2	2	2	1	2	2	0	0	0	0	0
6100	none	1	1	1	1	1	1	1	1	1	0	0	0	0	0
6116	none	3	1	1	1	1	1	1	1	1	0	0	0	0	0
6135	none	1	1	1	2	1	1	1	1	1	0	0	0	0	0
6166	none	1	1	1	1	1	1	1	1	1	0	0	0	0	0
6169	none	1	2	1	2	1	1	2	2	1	0	0	0	0	0
6207	none	1	2	1	1	1	1	1	1	1	0	0	0	0	0
6218	none	1	1	1	1	1	2	1	1	1	0	0	0	0	0
6267	none	13	8	10	6	9	12	5	9	6	0	0	0	0	0
6305	none	3	2	5	7	5	5	6	5	5	0	0	0	0	0
6321	none	1	1	1	1	1	1	1	1	1	0	0	0	0	0
6337	none	2	1	1	1	1	1	1	1	1	0	0	0	0	0
6373	none	1	1	1	1	3	1	1	1	1	0	0	0	0	0
639	none	1	1	1	1	1	1	1	1	1	0	0	0	0	0
6392	none	1	1	1	2	1	1	1	1	1	0	0	0	0	0
6448	none	1	1	1	1	1	1	1	1	1	0	0	0	0	0
6462	none	1	1	1	1	1	1	1	1	1	0	0	0	0	0
6510	none	1	2	1	1	1	1	1	1	1	0	0	0	0	0
6519	none	1	1	1	1	1	1	1	1	1	0	0	0	0	0
6554	none	1	1	1	1	1	2	1	1	1	0	0	0	0	0
6562	none	1	1	1	2	1	1	0	1	1	0	0	0	0	0
6634	none	3	2	2	3	2	2	2	2	2	0	0	0	0	0
6636	none	2	2	1	1	1	3	4	3	3	0	0	0	0	0
6651	none	1	1	1	1	1	1	1	1	1	0	0	0	0	0
6725	none	1	1	1	1	1	1	1	1	1	0	0	0	0	0
6732	none	1	1	1	1	1	2	1	1	2	0	0	0	0	0
6772	none	1	1	1	1	1	1	1	1	1	0	0	0	0	0
6775	none	1	1	1	1	1	1	1	1	1	0	0	0	0	0
6787	none	1	1	1	1	1	1	1	1	1	0	0	0	0	0
6799	none	1	1	1	1	1	1	1	1	1	0	0	0	0	0
6834	none	2	1	1	2	1	1	1	1	1	0	0	0	0	0
6848	none	1	1	1	2	1	1	1	1	1	0	0	0	0	0
6850	none	1	1	1	1	1	1	1	1	1	0	0	0	0	0
6861	none	1	1	1	1	1	1	1	1	1	0	0	0	0	0
6866	none	1	1	1	1	1	1	1	1	1	0	0	0	0	0
6908	none	2	1	1	1	1	1	1	1	0	0	0	0	0	0
6918	none	1	1	1	1	1	1	1	1	1	0	0	0	0	0
6920	none	1	1	1	1	1	1	1	1	1	0	0	0	0	0
703	none	3	1	1	1	1	1	1	1	1	0	0	0	0	0
7038	none	3	1	1	1	1	1	1	2	1	0	0	0	0	0
7094	none	1	1	1	1	1	1	1	1	1	0	0	0	0	0
7145	none	1	1	1	1	1	1	1	1	1	0	0	0	0	0
7187	none	1	2	1	1	1	1	1	1	1	0	0	0	0	0
7226	none	1	1	1	1	1	1	1	1	1	0	0	0	0	0
7229	none	1	1	1	0	1	1	1	1	1	0	0	0	0	0
7256	none	1	1	1	1	1	1	1	1	1	0	0	0	0	0
7260	none	1	1	1	1	2	1	1	1	1	0	0	0	0	0
7267	none	1	2	1	1	1	1	1	1	1	0	0	0	0	0
7295	none	1	1	2	2	2	1	1	1	1	0	0	0	0	0
734	none	1	1	1	1	1	1	1	1	1	0	0	0	0	0
7373	none	1	1	1	1	1	1	1	1	1	0	0	0	0	0
7385	none	1	1	1	1	1	1	1	1	1	0	0	0	0	0
740	none	1	1	1	1	1	1	1	1	1	0	0	0	0	0
7407	none	1	1	1	1	1	1	1	1	1	0	0	0	0	0
7438	none	1	1	1	1	1	1	1	1	1	0	0	0	0	0
7448	none	2	1	1	1	1	1	1	1	1	0	0	0	0	0
7464	none	2	1	1	1	1	1	0	0	1	0	0	0	0	0
7468	none	4	1	1	1	1	1	1	0	1	0	0	0	0	0
7469	none	1	1	1	1	1	1	1	1	1	0	0	0	0	0
7476	none	3	1	1	1	1	1	1	1	1	0	0	0	0	0
7481	none	1	1	1	1	1	1	1	1	1	0	0	0	0	0
7482	none	2	2	7	6	4	3	4	4	4	0	0	0	0	0
7487	none	1	1	1	1	1	1	1	1	1	0	0	0	0	0
7494	none	1	1	1	1	1	1	1	1	1	0	0	0	0	0
7527	none	1	1	1	2	1	1	1	1	1	0	0	0	0	0
7530	none	1	1	1	1	1	1	1	1	1	0	0	0	0	0
7553	none	1	1	1	1	1	1	1	2	3	0	0	0	0	0
7662	none	1	5	1	1	1	1	1	1	1	0	0	0	0	0
7669	none	1	1	1	1	1	1	1	1	1	0	0	0	0	0
769	none	1	1	1	1	1	1	1	1	1	0	0	0	0	0
7721	none	1	1	1	2	1	1	1	1	1	0	0	0	0	0
776	none	1	1	1	1	1	1	1	1	1	0	0	0	0	0
7837	none	1	1	1	2	1	1	1	1	1	0	0	0	0	0
7855	none	1	1	1	1	1	1	1	1	1	0	0	0	0	0
7860	none	1	1	1	1	1	1	1	1	1	0	0	0	0	0
7867	none	1	1	1	1	1	1	1	1	1	0	0	0	0	0
7876	none	1	1	1	1	1	1	1	1	1	0	0	0	0	0
7879	none	1	2	1	1	1	2	4	1	1	0	0	0	0	0
7918	none	1	1	1	1	1	1	1	1	2	0	0	0	0	0
7925	none	1	1	1	1	1	1	0	2	1	0	0	0	0	0
7931	none	1	1	1	1	1	1	1	1	1	0	0	0	0	0
7946	none	1	1	1	1	1	4	1	1	1	0	0	0	0	0
7953	none	2	1	1	1	1	1	1	1	1	0	0	0	0	0
797	none	1	1	1	1	0	1	1	1	1	0	0	0	0	0
7984	none	1	1	1	1	1	1	1	1	1	0	0	0	0	0
7996	none	2	1	1	1	1	2	1	1	1	0	0	0	0	0
8006	none	1	1	1	1	1	1	1	1	1	0	0	0	0	0
8101	none	1	1	1	2	1	1	1	1	1	0	0	0	0	0
8119	none	1	1	1	1	1	1	1	1	1	0	0	0	0	0
8120	none	1	1	1	1	1	1	1	1	1	0	0	0	0	0
8138	none	1	2	1	1	1	1	1	3	3	0	0	0	0	0
8164	none	1	1	1	1	2	1	1	1	1	0	0	0	0	0
8168	none	1	1	1	1	1	1	1	1	1	0	0	0	0	0
8186	none	1	1	1	1	1	1	1	1	1	0	0	0	0	0
820	none	3	2	1	1	1	1	1	1	1	0	0	0	0	0
8200	none	1	2	1	1	1	2	1	2	1	0	0	0	0	0
8209	none	1	1	1	1	1	1	1	1	1	0	0	0	0	0
8240	none	2	1	1	1	1	1	1	1	1	0	0	0	0	0
8265	none	1	2	1	1	1	1	1	1	1	0	0	0	0	0
8266	none	2	1	1	2	1	1	1	1	1	0	0	0	0	0
8292	none	5	2	1	1	1	1	1	1	1	0	0	0	0	0
8357	none	1	1	1	1	1	1	1	1	1	0	0	0	0	0
8379	none	3	1	2	2	2	2	2	2	2	0	0	0	0	0
8415	none	1	1	1	1	1	1	1	1	1	0	0	0	0	0
845	none	1	1	1	1	1	1	1	1	1	0	0	0	0	0
8459	none	1	1	1	1	1	1	2	1	1	0	0	0	0	0
8499	none	1	1	1	1	1	1	1	1	1	0	0	0	0	0
8509	none	1	1	1	1	1	1	1	1	1	0	0	0	0	0
8536	none	1	1	1	1	1	1	1	1	1	0	0	0	0	0
8651	none	1	2	1	0	1	2	1	1	1	0	0	0	0	0
8660	none	1	2	1	2	2	2	2	1	2	0	0	0	0	0
8692	none	1	1	1	1	1	1	1	1	1	0	0	0	0	0
875	none	1	1	1	1	1	1	1	2	1	0	0	0	0	0
8864	none	1	1	1	1	1	1	1	1	1	0	0	0	0	0
8934	none	1	1	1	1	1	1	1	1	1	0	0	0	0	0
8935	none	2	1	1	1	1	1	1	1	1	0	0	0	0	0
9018	none	1	1	1	1	1	1	1	1	1	0	0	0	0	0
9036	none	1	1	0	1	1	0	1	1	1	0	0	0	0	0
904	none	1	1	1	1	1	1	1	1	1	0	0	0	0	0
915	none	1	1	1	1	1	1	1	1	1	0	0	0	0	0
9162	none	1	1	1	1	1	1	1	1	1	0	0	0	0	0
9177	none	1	1	1	1	1	1	1	1	1	0	0	0	0	0
9190	none	1	1	1	1	1	1	1	1	1	0	0	0	0	0
9231	none	1	1	2	1	1	1	1	1	1	0	0	0	0	0
9245	none	1	1	1	1	1	1	1	1	1	0	0	0	0	0
9265	none	4	1	1	1	1	2	1	1	1	0	0	0	0	0
9284	none	1	1	1	1	1	1	1	1	1	0	0	0	0	0
929	none	1	1	1	1	1	1	2	1	1	0	0	0	0	0
9295	none	1	3	0	0	1	0	0	0	2	0	0	0	0	0
9328	none	2	1	1	1	1	1	1	1	1	0	0	0	0	0
9368	none	1	2	1	1	1	1	1	1	1	0	0	0	0	0
9408	none	1	1	1	1	1	1	1	1	1	0	0	0	0	0
9409	none	1	3	1	1	1	2	2	1	1	0	0	0	0	0
9434	none	1	1	1	1	1	1	1	1	1	0	0	0	0	0
9473	none	1	1	1	1	1	1	1	1	1	0	0	0	0	0
9529	none	3	1	2	2	2	2	4	2	2	0	0	0	0	0
9540	none	1	1	1	1	1	1	1	1	1	0	0	0	0	0
9579	none	12	2	2	1	1	2	1	2	3	0	0	0	0	0
9628	none	1	1	1	1	1	1	1	1	1	0	0	0	0	0
9654	none	4	1	1	1	1	1	1	1	1	0	0	0	0	0
9680	none	1	1	1	1	1	1	1	0	1	0	0	0	0	0
9710	none	26	3	9	10	8	6	10	7	7	0	0	0	0	0
9742	none	1	1	1	1	1	1	1	1	1	0	0	0	0	0
9759	none	1	2	1	1	1	1	1	1	1	0	0	0	0	0
9761	none	1	1	1	1	1	1	1	1	1	0	0	0	0	0
9769	none	1	1	1	1	1	1	1	1	1	0	0	0	0	0
979	none	1	2	1	1	1	1	2	1	3	0	0	0	0	0
9831	none	1	1	1	1	1	1	1	1	1	0	0	0	0	0
9834	none	2	1	1	0	1	1	1	1	1	0	0	0	0	0
9887	none	1	1	1	1	1	2	1	1	1	0	0	0	0	0
9895	none	1	2	1	1	0	1	1	1	1	0	0	0	0	0
9897	none	1	1	1	1	1	2	1	1	1	0	0	0	0	0
9904	none	2	1	1	1	1	1	1	1	1	0	0	0	0	0
9910	none	1	1	1	2	1	1	1	1	1	0	0	0	0	0
9938	none	1	1	1	1	1	1	1	1	1	0	0	0	0	0
9940	none	1	1	1	1	1	1	1	2	1	0	0	0	0	0
9969	none	4	2	3	3	3	2	3	2	4	0	0	0	0	0
9996	none	1	1	1	1	1	1	1	1	1	0	0	0	0	0
