gene	hmm	dmel	dmel.imm	dmel.sym	log2FoldChange	difexp
LOC101887210	NA	FBgn0020655	NA	NA	0.542842654017877	1
LOC101887216	PPO	FBgn0002564	effector	Lsp1γ	-1.05126588208107	-1
LOC101887224	NA	FBgn0033593	effector	Listericin	-0.0908388015997896	NA
LOC101887229	NA	FBgn0000392	NA	NA	0.644018144785232	1
LOC101887256	NA	FBgn0037467	NA	NA	0.481060934099573	1
LOC101887258	CTL	FBgn0262720	NA	NA	-0.201102489488649	NA
LOC101887261	NA	FBgn0003731	signaling	Egfr	0.220873263403623	0
LOC101887273	NA	FBgn0263873	signaling	sick	0.147974703304828	0
LOC101887279	NA	FBgn0036489	NA	NA	0.506500330140714	1
LOC101887282	TSF	FBgn0036299	effector	Tsf2	0.179655640449431	0
LOC101887286	FREP	NA	NA	NA	1.73532200257662	1
LOC101887294	LYS	NA	NA	NA	-0.00154582283746203	NA
LOC101887295	SRCA	FBgn0039848	NA	NA	-0.0998584725040565	NA
LOC101887297	CLIPD	FBgn0052271,FBgn0035070	NA	NA	-0.407823788828484	NA
LOC101887298	CTL	NA	NA	NA	-0.0364161048249555	0
LOC101887313	NA	FBgn0028343	NA	NA	0.694211473149767	1
LOC101887316	NA	NA	NA	NA	0.69816185985625	1
LOC101887318	CTL	NA	NA	NA	0.0580910896463711	0
LOC101887330	NA	FBgn0033166	NA	NA	0.506735354435071	1
LOC101887336	NA	FBgn0004655	NA	NA	0.741600452013955	1
LOC101887352	CLIPD	FBgn0036891	NA	NA	-0.441696817376987	-1
LOC101887357	SPRN	FBgn0031973	modulation	Spn28Dc	3.81818476636032	1
LOC101887365	HPX	FBgn0011828	recognition	Pxn	0.05362978339809	0
LOC101887401	GALE	NA	NA	NA	1.09474697768966	1
LOC101887405	NIM	FBgn0028939	recognition	NimC2	0.359078393985903	NA
LOC101887406	NA	FBgn0005596	NA	NA	0.686281135966243	1
LOC101887437	NA	FBgn0264357	NA	NA	0.644835003658962	1
LOC101887442	BGBP	FBgn0040321	recognition	GNBP3	0.112376380872443	0
LOC101887449	NA	FBgn0036101	NA	NA	0.875778688023888	1
LOC101887453	NA	FBgn0004449	NA	NA	0.797610437251202	1
LOC101887457	NA	FBgn0039175	NA	NA	0.674450201946738	1
LOC101887458	NA	FBgn0001218	NA	NA	1.11152020923834	1
LOC101887461	TSF	FBgn0034094	effector	Tsf3	2.2939962753516	1
LOC101887481	NA	FBgn0266720	NA	NA	0.718055039106179	1
LOC101887497	PPO	FBgn0002564	effector	Lsp1γ	-1.10685605635541	-1
LOC101887499	NA	FBgn0027584	NA	NA	1.46156872379101	1
LOC101887504	CLIPA	FBgn0036612	NA	NA	0.33970430695012	NA
LOC101887516	NA	FBgn0003415	NA	NA	0.977241687889972	1
LOC101887520	NA	FBgn0027529	NA	NA	0.537427156374645	1
LOC101887540	DEF	FBgn0010385	effector	Def	1.37870824997539	1
LOC101887548	NA	FBgn0001978	NA	NA	0.598138194556565	1
LOC101887559	NA	NA	NA	NA	0.499674927441938	1
LOC101887562	NA	FBgn0041205	signaling	key	0.413171815681161	1
LOC101887576	GALE	NA	NA	NA	-0.346356361219103	0
LOC101887613	ATT	NA	NA	NA	-0.0975082540697251	NA
LOC101887623	NA	FBgn0061200	NA	NA	0.788950160615835	1
LOC101887625	NA	FBgn0020388	NA	NA	0.749662127848529	1
LOC101887644	TPX	FBgn0040309	NA	NA	-0.294052358405662	0
LOC101887648	NA	FBgn0031745	NA	NA	1.21897494788433	1
LOC101887665	NA	FBgn0052103	NA	NA	0.424189887804193	1
LOC101887675	TPX	FBgn0031479	NA	NA	-0.191343536470394	0
LOC101887693	NA	FBgn0036919	NA	NA	0.4135059270504	1
LOC101887709	DEF	FBgn0010385	effector	Def	1.44948705247622	1
LOC101887726	NA	FBgn0004956	signaling	os	0.0723884294602977	NA
LOC101887728	NA	FBgn0030932	NA	NA	0.427836789672592	1
LOC101887730	NA	NA	NA	NA	1.04708873795484	1
LOC101887736	NA	FBgn0031711	NA	NA	0.399392821179085	1
LOC101887739	GALE	NA	NA	NA	0.852318353452276	1
LOC101887765	CLIPD	FBgn0002926	NA	NA	0.747381147369286	0
LOC101887777	ATT	FBgn0038530	effector	AttD	0.549121307194584	0
LOC101887778	NA	NA	NA	NA	0.840914152732974	1
LOC101887791	NA	FBgn0036621	NA	NA	0.654593044125267	1
LOC101887808	NA	FBgn0262801	NA	NA	0.404409047899704	1
LOC101887813	SRCB	FBgn0031970	NA	NA	-0.356751127410446	0
LOC101887814	NA	FBgn0014007	NA	NA	0.610089606798484	1
LOC101887819	NA	FBgn0026319	signaling	Traf4	0.400918314351684	0
LOC101887833	NA	FBgn0003261	NA	NA	0.355860590898144	1
LOC101887839	NA	FBgn0027584	NA	NA	1.89965693349152	1
LOC101887849	NA	FBgn0012051,FBgn0025866	modulation	CalpA	0.12673583853815	0
LOC101887872	DEF	FBgn0010385	effector	Def	1.60082091430947	1
LOC101887883	NA	FBgn0033483	signaling	egr	0.202085476662131	0
LOC101887889	NA	FBgn0030904	signaling	upd2	1.69021475740763	1
LOC101887891	PPO	FBgn0002564	effector	Lsp1γ	-1.0926119484668	-1
LOC101887894	NA	NA	NA	NA	1.21789217169194	1
LOC101887910	CLIPD	FBgn0034518	NA	NA	-0.325875501203863	0
LOC101887916	CLIPD	FBgn0259998	NA	NA	-0.872314685436023	0
LOC101887917	CLIPC	FBgn0030777	NA	NA	-0.495996229377024	0
LOC101887934	NA	FBgn0037025	NA	NA	0.750964724312114	1
LOC101887940	SRCB	FBgn0010435	NA	NA	-0.227424925559379	0
LOC101887944	NA	FBgn0033021	NA	NA	0.487224855540387	1
LOC101887954	NA	FBgn0036662	NA	NA	0.446583391092269	1
LOC101887959	NA	FBgn0036913	NA	NA	0.494009450743079	1
LOC101887976	NA	FBgn0262656	NA	NA	0.975570123860489	1
LOC101887977	SRCB	FBgn0031969	recognition	pes	0.180856686084949	0
LOC101887984	CLIPD	FBgn0030773,FBgn0052523	NA	NA	-0.472515572074625	0
LOC101888000	NA	FBgn0260856	NA	NA	0.53641330940529	1
LOC101888003	NA	FBgn0027584	NA	NA	2.0361451329729	1
LOC101888043	DEF	FBgn0010385	effector	Def	1.00410100191132	1
LOC101888054	NA	FBgn0034763	modulation	RYBP	0.180091266086125	0
LOC101888056	NA	FBgn0024222	signaling	ird5	0.919607068547167	1
LOC101888057	LYS	NA	NA	NA	0.0759467747686216	NA
LOC101888063	NA	NA	NA	NA	1.27256328460376	1
LOC101888074	FREP	NA	NA	NA	-1.38879129659717	-1
LOC101888079	CLIPD	FBgn0034666,FBgn0042098	NA	NA	-0.0492077867052438	NA
LOC101888086	NA	FBgn0019925	NA	NA	0.588571623585348	1
LOC101888088	CLIPD	FBgn0259998	NA	NA	-0.240140963602461	0
LOC101888112	NA	FBgn0022943	effector	Cbp20	-0.367539808760519	0
LOC101888137	NA	FBgn0031356	NA	NA	0.563858421929069	1
LOC101888144	CLIPD	FBgn0052271,FBgn0035070	NA	NA	0.165924854212365	0
LOC101888148	NA	FBgn0029167	effector	Hml	0.113867853564323	0
LOC101888153	NA	FBgn0031738	NA	NA	0.766770587207652	1
LOC101888154	CLIPC	NA	NA	NA	0.930040121604461	1
LOC101888156	CLIPC	FBgn0030773,FBgn0052523	NA	NA	-0.423870092469609	0
LOC101888177	NA	NA	NA	NA	0.931218565779957	1
LOC101888204	NA	FBgn0011232	NA	NA	0.515681400078268	1
LOC101888206	NA	FBgn0024329	signaling	Mekk1	-0.0830662923234624	0
LOC101888209	FREP	NA	NA	NA	0.104448885341066	NA
LOC101888223	NA	FBgn0030941	signaling	wgn	-0.210424751289315	0
LOC101888225	DEF	FBgn0010385	effector	Def	-0.69659164828832	-1
LOC101888226	TPX	FBgn0033521,FBgn0033520,FBgn0033518	NA	NA	-0.242542429767715	0
LOC101888230	NA	FBgn0036004	NA	NA	0.719405657507717	1
LOC101888237	SRCB	FBgn0035090	NA	NA	-1.13662481717761	-1
LOC101888240	LYS	NA	NA	NA	-0.482364458449788	NA
LOC101888243	NA	FBgn0261548	NA	NA	0.836092297132309	1
LOC101888254	CLIPD	FBgn0034507	NA	NA	0.329514088105843	NA
LOC101888266	CLIPD	FBgn0259998	NA	NA	-0.089541565833346	0
LOC101888291	SRCB	FBgn0260004	NA	NA	-0.162095867301846	0
LOC101888292	NA	FBgn0005648	NA	NA	0.682263993562018	1
LOC101888303	NA	NA	NA	NA	0.615947739638987	1
LOC101888307	FREP	NA	NA	NA	2.12946794312562	1
LOC101888309	NA	FBgn0043884	NA	NA	0.759581383957874	1
LOC101888313	CLIPD	FBgn0038211,FBgn0051326,FBgn0053329	NA	NA	0.817129927983525	0
LOC101888319	CTL	NA	NA	NA	0.875216770236097	1
LOC101888321	NA	FBgn0031078	NA	NA	0.469650049392035	1
LOC101888327	CLIPC	FBgn0037222	NA	NA	1.95486894519844	1
LOC101888357	SRCB	FBgn0058006	NA	NA	0.0968035191673465	0
LOC101888375	NA	FBgn0024329	signaling	Mekk1	0.0373855663132083	0
LOC101888380	NA	FBgn0019990	NA	NA	0.488285025838286	1
LOC101888391	NA	FBgn0038829	NA	NA	0.687196851445451	1
LOC101888393	NA	FBgn0026403	NA	NA	1.56391661982237	1
LOC101888410	LYS	NA	NA	NA	-0.491425646126874	NA
LOC101888438	CLIPD	FBgn0259998	NA	NA	-0.78594067539635	-1
LOC101888442	NA	FBgn0034179	NA	NA	0.544429017179197	1
LOC101888487	NA	FBgn0029895	NA	NA	1.00845110440288	1
LOC101888490	CLIPD	FBgn0052270	NA	NA	-0.102353202535032	NA
LOC101888492	CTL	NA	NA	NA	1.6654758228984	1
LOC101888507	PPO	FBgn0000639	effector	Fbp1	-0.51345520259953	0
LOC101888540	NA	NA	NA	NA	0.977415268421403	1
LOC101888541	NA	FBgn0000182	NA	NA	0.868871254491002	1
LOC101888559	NA	FBgn0038827	NA	NA	1.06114942574788	1
LOC101888563	NA	FBgn0015600	NA	NA	0.949144267217076	1
LOC101888575	NA	FBgn0026441	NA	NA	0.66429305888929	1
LOC101888577	LYS	NA	NA	NA	-0.635254937445412	NA
LOC101888584	NA	FBgn0264560	NA	NA	0.94716151179079	1
LOC101888585	NA	FBgn0030960	NA	NA	1.49607768872713	1
LOC101888594	NA	FBgn0032363	NA	NA	0.585376205276268	1
LOC101888599	LYS	NA	NA	NA	NA	NA
LOC101888604	NA	FBgn0086372	NA	NA	0.613009915882644	1
LOC101888609	NA	FBgn0034647	modulation	pirk	1.75817546186367	1
LOC101888610	NA	FBgn0034914	NA	NA	0.423097851555258	1
LOC101888661	CLIPD	FBgn0053159	NA	NA	-0.328320740661048	NA
LOC101888692	NA	FBgn0034025	NA	NA	0.455576947086554	1
LOC101888697	NA	NA	NA	NA	1.38737143381359	1
LOC101888708	NA	FBgn0015371	signaling	chn	0.685976986476687	1
LOC101888716	NA	FBgn0003882	signaling	tub	0.207368424968174	0
LOC101888722	BGBP	FBgn0040322,FBgn0085283	recognition	GNBP2	1.11474253265675	1
LOC101888723	CLIPD	FBgn0050031,FBgn0010358,FBgn0010359,FBgn0050025,FBgn0010357,FBgn0003863	NA	NA	-0.525712264410542	0
LOC101888733	NA	FBgn0035734	effector	CG14823	-0.61790765665467	0
LOC101888738	NA	FBgn0261113	NA	NA	0.826523654534976	1
LOC101888752	NA	FBgn0027508	NA	NA	0.800351651703778	1
LOC101888753	LYS	NA	NA	NA	-0.807462825464431	NA
LOC101888755	PPO	NA	NA	NA	-0.403327539695612	0
LOC101888757	CEC	FBgn0000278,FBgn0000279,FBgn0000277,FBgn0000276	effector	CecA1;CecA2;CecB;CecC	0.629007346535587	0
LOC101888762	NA	FBgn0033713	NA	NA	0.623537029811961	1
LOC101888775	LYS	NA	NA	NA	0.27067777935874	NA
LOC101888779	DIPT	FBgn0053493	NA	NA	-0.207809561558795	0
LOC101888781	NA	FBgn0004009	signaling	Wg	-0.00855603540488454	NA
LOC101888782	CTL	NA	NA	NA	0.448662370066151	0
LOC101888821	NA	FBgn0051342	NA	NA	0.52637488936331	1
LOC101888834	NA	FBgn0004859	NA	NA	0.731770263068826	1
LOC101888838	CLIPD	FBgn0052271,FBgn0035070	NA	NA	-0.412181290880635	NA
LOC101888845	SRCC	FBgn0020376	recognition	Sr-CIII	-0.0816942116495546	NA
LOC101888852	NA	NA	NA	NA	0.487256939427524	1
LOC101888856	NA	FBgn0033460	NA	NA	0.713198612394138	1
LOC101888892	NA	FBgn0032901	NA	NA	0.661332948693325	1
LOC101888894	NA	FBgn0243512	signaling	puc	0.475606460687759	0
LOC101888903	BGBP	FBgn0040323	recognition	GNBP1	0.488798754824979	1
LOC101888904	CLIPD	FBgn0050031,FBgn0010358,FBgn0010359,FBgn0050025,FBgn0010357,FBgn0003863	NA	NA	-0.451765102935397	0
LOC101888905	NA	NA	NA	NA	1.89336313521244	1
LOC101888935	NA	FBgn0028526	effector	CG15293	-0.776892311722465	-1
LOC101888936	CEC	FBgn0000278,FBgn0000279,FBgn0000277,FBgn0000276	effector	CecA1;CecA2;CecB;CecC	0.775906683711089	0
LOC101888941	NA	FBgn0004462	NA	NA	0.554482042032708	1
LOC101888958	NA	NA	NA	NA	0.839856951543487	1
LOC101888959	CTL	NA	NA	NA	0.437428699098333	0
LOC101888966	NA	NA	NA	NA	0.8556479060717	1
LOC101888996	NA	FBgn0005642	NA	NA	0.595719885128593	1
LOC101889003	NA	FBgn0035827	NA	NA	0.44313397741371	1
LOC101889005	CLIPD	FBgn0036264	NA	NA	0.345632572055041	NA
LOC101889016	CLIPD	FBgn0037036,FBgn0037038,FBgn0037039	NA	NA	-0.426844146346289	NA
LOC101889023	SRCC	FBgn0020377,FBgn0014033	recognition	Sr-CI;Sr-CII	-0.68591035188338	0
LOC101889025	CLIPD	NA	NA	NA	-0.315246278937641	0
LOC101889042	NA	FBgn0085244	NA	NA	1.21301607377319	1
LOC101889048	LYS	NA	NA	NA	-0.892719825488546	NA
LOC101889061	NA	FBgn0000114	NA	NA	0.563798535523165	1
LOC101889074	NA	FBgn0051716	NA	NA	0.42626091533264	1
LOC101889081	CTL	FBgn0035199	NA	NA	-0.0606495181535364	0
LOC101889083	PGRP	FBgn0030695	recognition	PGRP-LE	-0.178307277384237	0
LOC101889085	CLIPD	FBgn0050031,FBgn0010358,FBgn0010359,FBgn0050025,FBgn0010357,FBgn0003863	NA	NA	-0.737975530379709	-1
LOC101889093	NA	FBgn0046999,FBgn0034165	effector	CG6429;CG6435	0.0448858053182257	NA
LOC101889108	NA	FBgn0053290,FBgn0037126	NA	NA	1.01278733325068	1
LOC101889116	CEC	FBgn0000278,FBgn0000279,FBgn0000277,FBgn0000276	effector	CecA1;CecA2;CecB;CecC	2.74541539282335	1
LOC101889118	NA	NA	NA	NA	1.47285780528689	1
LOC101889119	NA	FBgn0038105,FBgn0041710	effector	yellow-f;yellow-f2	0.710379616108093	1
LOC101889120	NA	FBgn0266572	NA	NA	0.603261826785247	1
LOC101889130	NA	FBgn0039858	NA	NA	0.451036398783306	1
LOC101889142	CTL	NA	NA	NA	0.75942361850388	0
LOC101889145	NA	FBgn0034644	NA	NA	0.524033638935676	1
LOC101889151	NA	FBgn0040206	NA	NA	0.68419010638646	1
LOC101889160	MD2L	FBgn0037783	NA	NA	-0.458289604753263	NA
LOC101889162	NA	FBgn0005390	NA	NA	0.695388664679587	1
LOC101889200	SRCB	FBgn0015924	recognition	crq	-0.41402529128037	0
LOC101889202	NA	FBgn0013576	modulation	mtd	0.885033344390079	1
LOC101889226	LYS	NA	NA	NA	-0.237823398267281	NA
LOC101889235	NA	FBgn0030956,FBgn0030959	NA	NA	0.575976210559607	1
LOC101889259	CLIPD	FBgn0050031,FBgn0010358,FBgn0010359,FBgn0050025,FBgn0010357,FBgn0003863	NA	NA	-1.15962189946419	-1
LOC101889268	NA	FBgn0045862	NA	NA	0.737979189534872	1
LOC101889278	NA	NA	NA	NA	0.668309421731673	1
LOC101889289	NA	FBgn0032208	NA	NA	0.538608957909615	1
LOC101889292	NA	FBgn0035847,FBgn0045442,FBgn0035789,FBgn0034219,FBgn0028956,FBgn0035623,FBgn0023000,FBgn0045443	NA	NA	1.33672887841072	1
LOC101889296	CEC	FBgn0000278,FBgn0000279,FBgn0000277,FBgn0000276	effector	CecA1;CecA2;CecB;CecC	0.736361565202023	0
LOC101889319	NA	FBgn0038476	NA	NA	0.596701125461831	1
LOC101889324	NA	FBgn0000250	signaling	cact	0.793850574231072	1
LOC101889325	CLIPD	FBgn0039272	NA	NA	-0.0195212423085733	NA
LOC101889356	NA	FBgn0011661	NA	NA	0.319301459148871	1
LOC101889361	NA	FBgn0039633	NA	NA	0.926722710700421	1
LOC101889366	NA	FBgn0013576	modulation	mtd	0.171855508186948	0
LOC101889388	CTL	NA	NA	NA	-0.545007681699262	-1
LOC101889400	NA	NA	NA	NA	0.706790497280137	1
LOC101889402	TEP	FBgn0041181	recognition	Tep3	-0.0418227038114318	0
LOC101889423	NA	FBgn0037760	NA	NA	0.914859788371922	1
LOC101889434	CLIPD	FBgn0050031,FBgn0010358,FBgn0010359,FBgn0050025,FBgn0010357,FBgn0003863	NA	NA	-0.127755296531994	0
LOC101889435	NA	FBgn0025724	NA	NA	0.41354086001126	1
LOC101889457	NA	FBgn0028968	NA	NA	0.534064386532382	1
LOC101889458	CLIPD	FBgn0033365	NA	NA	-0.296205076453258	NA
LOC101889465	TLL	FBgn0004364	NA	NA	0.285097199200587	0
LOC101889466	CLIPB	FBgn0039495	NA	NA	0.219626300410491	0
LOC101889469	CEC	FBgn0000278,FBgn0000279,FBgn0000277,FBgn0000276	effector	CecA1;CecA2;CecB;CecC	1.92971856549437	1
LOC101889490	NFKB	FBgn0030505	NA	NA	0.664307132451355	0
LOC101889504	NA	FBgn0037718	NA	NA	0.524553610426657	1
LOC101889508	ATT	FBgn0038530	effector	AttD	1.27505143602542	1
LOC101889548	FREP	NA	NA	NA	0.454728685319131	0
LOC101889601	CLIPD	FBgn0050031,FBgn0010358,FBgn0010359,FBgn0050025,FBgn0010357,FBgn0003863	NA	NA	-0.989537942747332	-1
LOC101889620	CLIPD	FBgn0033363	NA	NA	-0.298578977762846	0
LOC101889628	CLIPB	FBgn0039494	signaling	grass	0.380620168914749	0
LOC101889632	CEC	FBgn0000278,FBgn0000279,FBgn0000277,FBgn0000276	effector	CecA1;CecA2;CecB;CecC	4.44267396784451	1
LOC101889658	NA	NA	NA	NA	0.932514264816803	1
LOC101889662	NA	FBgn0035231,FBgn0041342	NA	NA	0.508995697289772	1
LOC101889679	NA	FBgn0260635	NA	NA	0.538823960888148	1
LOC101889680	TEP	FBgn0041183,FBgn0041182	recognition	Tep1;Tep2	-0.433196683229762	0
LOC101889700	NA	FBgn0260789	signaling	mxc	0.0468419795448197	0
LOC101889705	NA	FBgn0002525	NA	NA	0.407658563117059	1
LOC101889712	NA	FBgn0011584	NA	NA	0.858859434696478	1
LOC101889718	NA	FBgn0004837	signaling	Su(H)	0.356678160236953	0
LOC101889743	NA	FBgn0003256	signaling	rl	0.271662511985759	0
LOC101889758	PGRP	FBgn0260458	recognition	PGRP-LD	-0.150369218001856	0
LOC101889769	CLIPD	FBgn0050031,FBgn0010358,FBgn0010359,FBgn0050025,FBgn0010357,FBgn0003863	NA	NA	-0.718190645686999	-1
LOC101889785	CLIPC	NA	NA	NA	0.00730787669427494	0
LOC101889790	CLIPD	FBgn0033362	NA	NA	-0.0752224706488361	NA
LOC101889801	CEC	FBgn0000278,FBgn0000279,FBgn0000277,FBgn0000276	effector	CecA1;CecA2;CecB;CecC	3.28904186905631	1
LOC101889804	NA	FBgn0036518	NA	NA	0.717366868304648	1
LOC101889808	NA	FBgn0036007	NA	NA	0.432582727493004	1
LOC101889838	TEP	NA	NA	NA	1.0947227843783	1
LOC101889848	NA	FBgn0014179	signaling	gcm	NA	NA
LOC101889850	CLIPD	FBgn0025383	NA	NA	0.444043431037202	0
LOC101889852	NA	FBgn0050085	NA	NA	0.633811105905168	1
LOC101889853	TEP	FBgn0041183,FBgn0041182	recognition	Tep1;Tep2	0.854100771964464	1
LOC101889893	CTL	FBgn0038017	NA	NA	-0.466012233055255	0
LOC101889912	NA	FBgn0032210	modulation	CYLD	-0.0692180363640064	0
LOC101889913	NA	FBgn0038763	NA	NA	0.767648889797318	1
LOC101889920	CLIPD	FBgn0035669	NA	NA	-0.113773792237844	NA
LOC101889957	ATT	FBgn0038530	effector	AttD	1.28445453848887	1
LOC101889960	CTL	NA	NA	NA	2.32722279796796	1
LOC101889962	CLIPD	FBgn0265011	NA	NA	-0.106965526048216	NA
LOC101889971	NA	FBgn0004644	signaling	Hh	0.12619224996935	0
LOC101889972	CEC	FBgn0000278,FBgn0000279,FBgn0000277,FBgn0000276	effector	CecA1;CecA2;CecB;CecC	NA	NA
LOC101890005	CTL	NA	NA	NA	1.45318699715855	1
LOC101890021	NA	FBgn0025186	NA	NA	0.654478029922077	1
LOC101890030	SPRN	NA	NA	NA	-0.484161307614953	0
LOC101890031	NA	FBgn0030293	NA	NA	0.713609477686001	1
LOC101890084	CLIPD	FBgn0025378	NA	NA	-0.0801149001207563	NA
LOC101890093	CLIPD	FBgn0038727	NA	NA	0.322662192553597	NA
LOC101890103	NA	FBgn0260795	NA	NA	0.606397795354869	1
LOC101890122	GALE	NA	NA	NA	0.0048498954977801	0
LOC101890126	CTL	NA	NA	NA	3.25510765165375	1
LOC101890128	CLIPD	FBgn0033359	NA	NA	0.0180607347994632	NA
LOC101890130	NA	FBgn0011763	NA	NA	0.860429701326759	1
LOC101890147	NA	FBgn0026427	NA	NA	0.592049973748226	1
LOC101890157	CLIPD	FBgn0250815	NA	NA	-0.719299831080864	-1
LOC101890158	NA	FBgn0031412	NA	NA	0.735210332189493	1
LOC101890160	NA	FBgn0036330	NA	NA	1.01346361750827	1
LOC101890163	CLIPD	FBgn0038485	NA	NA	-0.0762168753751784	NA
LOC101890168	NA	FBgn0040512	NA	NA	0.435010005886772	1
LOC101890209	CTL	FBgn0040502	NA	NA	-0.490967013841842	0
LOC101890212	NA	FBgn0017581	NA	NA	0.737631264126085	1
LOC101890213	NA	FBgn0265464	signaling	Traf6	0.990963694381683	1
LOC101890230	NA	FBgn0004598	NA	NA	0.646782537756509	1
LOC101890242	NA	FBgn0086359	NA	NA	0.821301108358074	1
LOC101890266	NA	FBgn0010762	NA	NA	0.608731038657333	1
LOC101890281	NA	FBgn0035229	NA	NA	0.603352788505806	1
LOC101890291	CTL	NA	NA	NA	3.21136747165825	1
LOC101890301	NA	FBgn0063923	NA	NA	1.31086397432213	1
LOC101890303	NA	FBgn0004197,FBgn0051999	signaling	Ser	0.397936714802443	NA
LOC101890308	NA	FBgn0004394	signaling	Pdm2	0.0406325555956319	NA
LOC101890325	NA	FBgn0030305	NA	NA	0.472366322814851	1
LOC101890330	CLIPD	NA	NA	NA	-0.503769476325065	0
LOC101890343	NA	FBgn0029979	NA	NA	1.11026943773662	1
LOC101890354	NA	FBgn0019809	signaling	gcm2	0.0104683064134005	NA
LOC101890358	CLIPA	FBgn0032213,FBgn0051780,FBgn0028864,FBgn0028514	NA	NA	-0.184505937549654	0
LOC101890368	NA	FBgn0031888	signaling	Pvf2	0.964677627957528	1
LOC101890408	TLL	FBgn0036494	NA	NA	0.124724798322878	NA
LOC101890432	NA	FBgn0264785	NA	NA	0.504011751697845	1
LOC101890437	NA	FBgn0035713	NA	NA	0.446852364519931	1
LOC101890448	NA	FBgn0005585	NA	NA	0.402098232670481	1
LOC101890464	CLIPC	FBgn0030051	signaling	spirit	1.91839026277723	1
LOC101890479	NA	FBgn0004394	signaling	Pdm2	-0.103045778328799	NA
LOC101890486	NA	FBgn0033889	NA	NA	0.453692251004784	1
LOC101890499	CTL	FBgn0031918	NA	NA	-0.619089310532833	0
LOC101890501	CLIPD	NA	NA	NA	-0.654394340083505	-1
LOC101890511	CTL	NA	NA	NA	1.19330598039172	1
LOC101890518	NA	FBgn0052767	NA	NA	1.29194852936821	1
LOC101890549	NA	FBgn0036134	NA	NA	0.537673951689399	1
LOC101890568	NA	FBgn0038890	NA	NA	0.617610616792209	1
LOC101890574	NA	FBgn0021895	NA	NA	0.810732488605675	1
LOC101890579	NA	FBgn0030189,FBgn0029710	NA	NA	0.546715179752257	1
LOC101890581	NA	FBgn0050372	NA	NA	0.771483949303044	1
LOC101890594	NA	FBgn0086357	NA	NA	0.60005421867643	1
LOC101890596	NFKB	FBgn0011274	signaling	Dif	0.0699574194364119	0
LOC101890602	NA	FBgn0037470	NA	NA	0.466774457441365	1
LOC101890621	NA	FBgn0033926	NA	NA	0.549387862385474	1
LOC101890632	CLIPC	FBgn0030051	signaling	spirit	0.334106884832049	0
LOC101890643	CLIPB	FBgn0039495	NA	NA	-0.0601620304787712	NA
LOC101890656	NA	NA	NA	NA	1.03336153798747	1
LOC101890670	CLIPD	NA	NA	NA	-0.410202380289334	NA
LOC101890675	FREP	NA	NA	NA	2.14347608359692	1
LOC101890691	NA	FBgn0003015	NA	NA	0.441616164096053	1
LOC101890700	NA	FBgn0035909	NA	NA	0.576532308917987	1
LOC101890723	CLIPD	FBgn0039703	NA	NA	-0.394490147711471	0
LOC101890732	NA	FBgn0027101	NA	NA	0.687117445601386	1
LOC101890748	NA	FBgn0020506	NA	NA	1.06063685468089	1
LOC101890768	NA	NA	NA	NA	0.600299303293051	1
LOC101890770	NA	FBgn0036391	NA	NA	2.13037665506073	1
LOC101890777	NA	FBgn0015799	NA	NA	0.438886959283692	1
LOC101890789	CTL	NA	NA	NA	-0.373432017204969	NA
LOC101890809	NA	FBgn0265193	signaling	Atf-2	0.127314529728524	0
LOC101890818	CLIPB	FBgn0039495	NA	NA	-0.264736946964658	0
LOC101890848	NA	FBgn0038344	NA	NA	0.524326885107803	1
LOC101890862	NA	NA	NA	NA	0.753792558687335	1
LOC101890872	NA	FBgn0000413	NA	NA	0.697361041876141	1
LOC101890876	PPO	FBgn0261363,FBgn0033367	effector	proPO45;proPO59	-0.91779190399166	-1
LOC101890888	CTL	NA	NA	NA	0.141977800647591	NA
LOC101890891	FREP	NA	NA	NA	-0.831495433237035	0
LOC101890892	NA	FBgn0030003	NA	NA	0.677070268618721	1
LOC101890894	NA	FBgn0039590	NA	NA	0.694769861147646	1
LOC101890896	PGRP	FBgn0030310	recognition	PGRP-SA	1.69447354172762	1
LOC101890899	NA	FBgn0005654	signaling	lat	0.092781811952427	0
LOC101890906	CLIPD	NA	NA	NA	-0.218538065429068	0
LOC101890918	NA	FBgn0053182	NA	NA	1.06004497722898	1
LOC101890924	NA	FBgn0087035	effector	AGO2	0.375336762364808	1
LOC101890926	NA	FBgn0262738	effector	norpA	0.51313368414153	0
LOC101890951	NA	FBgn0035771	NA	NA	0.4561290090583	1
LOC101890953	NA	FBgn0052699	NA	NA	0.359363760921703	1
LOC101890956	NA	NA	NA	NA	1.21357034408427	1
LOC101890964	CTL	NA	NA	NA	-0.0272879301262855	NA
LOC101890987	NA	FBgn0030301	NA	NA	0.561587075454522	1
LOC101890996	GALE	FBgn0034365	NA	NA	-0.471536109697351	-1
LOC101891001	NA	FBgn0038111	NA	NA	0.450208344293021	1
LOC101891014	NIM	FBgn0000463	NA	NA	0.759051596128582	1
LOC101891020	FREP	NA	NA	NA	0.67940580803511	NA
LOC101891044	NA	FBgn0028953	NA	NA	0.891395434113327	1
LOC101891047	PPO	FBgn0261363,FBgn0033367	effector	proPO45;proPO59	-0.416302194852795	NA
LOC101891055	NA	FBgn0032781	NA	NA	1.3540800069331	1
LOC101891056	NA	NA	NA	NA	1.25171285548433	1
LOC101891057	NA	FBgn0260789	signaling	mxc	0.827066495563942	1
LOC101891076	NA	FBgn0029824	NA	NA	1.36064954236108	1
LOC101891116	NA	FBgn0039044	NA	NA	0.549527751387007	1
LOC101891124	NA	FBgn0082598,FBgn0262017	signaling	akirin	0.547548716594254	0
LOC101891142	NA	FBgn0259228	NA	NA	1.01913286823121	1
LOC101891150	NA	FBgn0025741	NA	NA	0.497201995177035	1
LOC101891152	NA	FBgn0042134	NA	NA	0.612246421980864	1
LOC101891165	TEP	FBgn0267488	NA	NA	0.522394239003687	1
LOC101891167	TEP	FBgn0041183,FBgn0041182	recognition	Tep1;Tep2	-0.0632949997490644	NA
LOC101891172	NA	FBgn0051363	NA	NA	0.570314513818587	1
LOC101891177	PPO	FBgn0002562,FBgn0002563	effector	Lsp1α;Lsp1β	-0.227229181660189	0
LOC101891198	NA	FBgn0020306	NA	NA	0.791631363455158	1
LOC101891204	NA	FBgn0003475	NA	NA	0.54072618129806	1
LOC101891221	NA	FBgn0003028	NA	NA	0.737438529061661	1
LOC101891239	NA	FBgn0053296,FBgn0031935,FBgn0031936,FBgn0031937	NA	NA	0.988882902374068	1
LOC101891253	TLL	FBgn0262473,FBgn0026760	modulation;signaling	Tehao;Tl	0.577737783237845	1
LOC101891255	NA	FBgn0010441	signaling	pll	0.641681044480847	1
LOC101891321	NA	FBgn0035688	NA	NA	0.640946414796568	1
LOC101891328	SRCC	FBgn0040505	NA	NA	0.207089458463481	0
LOC101891345	NA	FBgn0004875	NA	NA	0.585326869253612	1
LOC101891346	NA	FBgn0037140	NA	NA	0.65032087378281	1
LOC101891352	NA	FBgn0034083	NA	NA	0.543459892553025	1
LOC101891354	NA	FBgn0035400	NA	NA	0.806462369990328	1
LOC101891362	NA	FBgn0003079	signaling	phl	0.239869169494726	0
LOC101891390	CLIPD	FBgn0052808	NA	NA	0.0818329342159649	NA
LOC101891404	NA	FBgn0001965	signaling	Sos	0.348548766523342	0
LOC101891418	NA	FBgn0262125	NA	NA	0.787085344647173	1
LOC101891471	TLL	FBgn0034476	recognition	Toll-7	0.093460660649615	0
LOC101891499	NA	FBgn0033010	NA	NA	0.581619592084069	1
LOC101891510	CLIPE	FBgn0033033	NA	NA	0.0145113507470699	0
LOC101891529	NA	FBgn0026376	NA	NA	0.719930219203293	1
LOC101891570	CLIPD	FBgn0052808	NA	NA	-0.251362675908009	NA
LOC101891571	CLIPA	FBgn0054043	NA	NA	-0.152989041690659	0
LOC101891572	NA	FBgn0259237	NA	NA	1.47187755341937	1
LOC101891596	NA	FBgn0053296,FBgn0031935,FBgn0031936,FBgn0031937	NA	NA	0.828529933066791	1
LOC101891602	CLIPD	FBgn0050031,FBgn0010358,FBgn0010359,FBgn0050025,FBgn0010357,FBgn0003863	NA	NA	-0.704862897444205	-1
LOC101891614	NA	FBgn0037679	NA	NA	0.683152446706086	1
LOC101891623	NA	FBgn0264959	NA	NA	0.671845533111556	1
LOC101891653	NA	FBgn0033052	NA	NA	0.549914392094507	1
LOC101891709	NA	FBgn0052380	NA	NA	0.816794402326937	1
LOC101891728	NA	FBgn0027080	NA	NA	0.575741459393701	1
LOC101891740	NA	FBgn0034145	NA	NA	0.634427847187707	1
LOC101891747	NA	FBgn0041712	NA	NA	1.88458451087131	1
LOC101891750	NA	FBgn0011764	NA	NA	0.54033295917577	1
LOC101891765	NA	NA	NA	NA	0.881350539892259	1
LOC101891799	NA	FBgn0030749	NA	NA	0.557503957402503	1
LOC101891824	SPRN	FBgn0028983	NA	NA	0.069030812064759	0
LOC101891844	NA	FBgn0005640	NA	NA	0.812678650265907	1
LOC101891846	NA	FBgn0044823	NA	NA	0.896782122215116	1
LOC101891848	NA	FBgn0261278	NA	NA	0.880932855546572	1
LOC101891849	NA	FBgn0266580	NA	NA	0.942495644548792	1
LOC101891852	NA	FBgn0039644	NA	NA	0.928475739233457	1
LOC101891871	NA	FBgn0042712	NA	NA	0.429618631121725	1
LOC101891897	NA	FBgn0027094	NA	NA	0.774791458873602	1
LOC101891911	NA	NA	NA	NA	2.27847309475095	1
LOC101891936	NA	FBgn0011676	effector	Nos	0.201867695785569	0
LOC101891946	NA	FBgn0261279	NA	NA	0.4130833976857	1
LOC101891958	NA	FBgn0266083	NA	NA	0.617736546756083	1
LOC101891964	NA	NA	NA	NA	1.15241112331182	1
LOC101891968	NA	FBgn0002466	NA	NA	0.661748491185767	1
LOC101891989	NA	FBgn0035121	NA	NA	0.703408770352532	1
LOC101891993	NA	FBgn0051635	NA	NA	0.746918838418575	1
LOC101891999	NA	FBgn0026575	NA	NA	0.591960236873536	1
LOC101892012	NIM	FBgn0021742	NA	NA	-0.183982833939512	0
LOC101892016	FREP	FBgn0035452	NA	NA	0.131261870062429	0
LOC101892037	NA	FBgn0010287	NA	NA	0.638194368926427	1
LOC101892047	NA	FBgn0010395	recognition	Itgβν	-0.0908014524495488	0
LOC101892084	TPX	FBgn0038519	NA	NA	-0.387501126058485	0
LOC101892103	NA	FBgn0026379	NA	NA	0.623022725834063	1
LOC101892104	CLIPB	FBgn0031249	NA	NA	-0.126336266492606	NA
LOC101892105	NA	FBgn0087035	effector	AGO2	1.33607521619321	1
LOC101892127	SRCB	FBgn0025697	NA	NA	0.195019027201159	0
LOC101892140	LYS	NA	NA	NA	NA	NA
LOC101892144	NA	FBgn0030520	NA	NA	0.604095582261196	1
LOC101892176	NA	FBgn0031006	NA	NA	0.483098606844904	1
LOC101892191	LYS	FBgn0050062	NA	NA	-0.341931356558307	NA
LOC101892196	NA	FBgn0000615	NA	NA	0.643486944046557	1
LOC101892197	NA	FBgn0035016	NA	NA	0.777667154366913	1
LOC101892202	NA	FBgn0036512	NA	NA	0.551738691032619	1
LOC101892207	FREP	NA	NA	NA	-0.770143263219392	-1
LOC101892230	NA	FBgn0039580	NA	NA	0.594990469363675	1
LOC101892241	NA	FBgn0024921,FBgn0035693	NA	NA	0.552096225438134	1
LOC101892243	NA	FBgn0020251	NA	NA	0.649732023022447	1
LOC101892258	TPX	FBgn0038519	NA	NA	-0.112764904165676	0
LOC101892280	SPRN	FBgn0032178	NA	NA	0.211141709917867	0
LOC101892294	NA	FBgn0034590	NA	NA	0.772215226837283	1
LOC101892297	NA	FBgn0025615	NA	NA	0.642585725045337	1
LOC101892304	MD2L	FBgn0051410	recognition	Npc2e	-0.800320516727409	0
LOC101892306	TLL	FBgn0029114	modulation	Tollo	0.0734751565533871	0
LOC101892312	NA	FBgn0030377,FBgn0264077,FBgn0015622	NA	NA	0.32853502413439	1
LOC101892315	NA	FBgn0031536	NA	NA	0.379777430189244	1
LOC101892324	HPX	FBgn0038469	NA	NA	0.35768463993394	NA
LOC101892325	NA	FBgn0034249	NA	NA	1.02459678784992	1
LOC101892339	SPRN	FBgn0028983	NA	NA	-0.0820763588812628	0
LOC101892361	NA	FBgn0036258	NA	NA	0.697883675176892	1
LOC101892386	SRCB	FBgn0027562	NA	NA	0.30560175933609	0
LOC101892428	HPX	FBgn0038511	NA	NA	0.101509796588998	0
LOC101892434	TSF	NA	NA	NA	-0.434744502316049	0
LOC101892440	NA	FBgn0024980	NA	NA	0.902998694399023	1
LOC101892454	NA	FBgn0034418	NA	NA	0.443893895496889	1
LOC101892464	NA	FBgn0259212	NA	NA	0.712439202607359	1
LOC101892469	NA	FBgn0027088	NA	NA	0.485635240706646	1
LOC101892472	MD2L	FBgn0051410	recognition	Npc2e	-0.0966541385552344	0
LOC101892475	SPRN	FBgn0263109	NA	NA	-0.306729914794378	0
LOC101892478	LYS	NA	NA	NA	NA	NA
LOC101892480	HPX	FBgn0032685	NA	NA	0.393561748561146	0
LOC101892490	HPX	FBgn0038469	NA	NA	-0.172350671498063	NA
LOC101892491	NA	NA	NA	NA	0.831934266197892	1
LOC101892496	NA	FBgn0016131	NA	NA	0.801016181630335	1
LOC101892499	SRCB	NA	NA	NA	NA	NA
LOC101892505	NA	FBgn0030685	NA	NA	0.70738347521419	1
LOC101892510	NA	FBgn0003162	NA	NA	0.616913221728476	1
LOC101892520	NA	FBgn0031799	NA	NA	0.496750341564076	1
LOC101892543	PPO	FBgn0002565	effector	Lsp2	-1.27201086503725	-1
LOC101892550	NA	FBgn0034854	NA	NA	0.721212297902889	1
LOC101892551	TEP	FBgn0041183,FBgn0041182	recognition	Tep1;Tep2	0.236419474049494	0
LOC101892564	NA	FBgn0028475	NA	NA	0.413408379536784	1
LOC101892591	PPO	FBgn0000639	effector	Fbp1	-0.519584839910948	0
LOC101892596	MD2L	FBgn0037782	NA	NA	-0.730869474401126	0
LOC101892598	NA	FBgn0261046	recognition	Dscam3	0.6380308831039	NA
LOC101892606	TSF	FBgn0022355	effector	Tsf1	1.87854558907912	1
LOC101892618	CLIPD	FBgn0052271,FBgn0035070	NA	NA	0.101569620693785	NA
LOC101892634	NA	FBgn0037282	NA	NA	1.00338220214657	1
LOC101892641	NIM	NA	NA	NA	-0.0810620897569525	0
LOC101892673	NA	FBgn0039875	NA	NA	0.480557337080096	1
LOC101892676	PGRP	FBgn0043576,FBgn0033327,FBgn0043575	modulation	PGRP-SC1a;PGRP-SC1b;PGRP-SC2	-0.532301490096799	0
LOC101892715	PPO	FBgn0002565	effector	Lsp2	-1.25802526504559	-1
LOC101892725	CLIPD	FBgn0038447	NA	NA	-0.106532384697923	NA
LOC101892773	NA	FBgn0086358	signaling	Tab2	0.296229525202137	0
LOC101892778	TSF	FBgn0022355	effector	Tsf1	1.96447323030538	1
LOC101892779	NA	FBgn0054054,FBgn0050026	NA	NA	0.947972124780601	1
LOC101892789	NA	FBgn0261787	NA	NA	0.700113081171195	1
LOC101892792	CLIPA	FBgn0040341	NA	NA	-0.392952566382189	NA
LOC101892802	NIM	NA	NA	NA	0.187098245474012	0
LOC101892807	NA	FBgn0035871	NA	NA	0.372303352879869	1
LOC101892832	NA	FBgn0000490	signaling	dpp	0.219703621996182	0
LOC101892833	LYS	NA	NA	NA	-0.295499531672635	NA
LOC101892835	NA	FBgn0015797	NA	NA	0.377063079564268	1
LOC101892837	NA	FBgn0033688	NA	NA	0.44253138839069	1
LOC101892844	NA	FBgn0000527	NA	NA	1.23662286010204	1
LOC101892850	NA	NA	NA	NA	2.85219965041854	1
LOC101892880	CLIPB	NA	NA	NA	0.760362242095322	1
LOC101892890	PPO	FBgn0002565	effector	Lsp2	-1.12337631929137	-1
LOC101892892	NA	FBgn0031461	modulation	daw	6.37787457642919e-05	0
LOC101892910	NA	FBgn0015949	NA	NA	0.774683701162579	1
LOC101892918	CLIPD	FBgn0052271,FBgn0035070	NA	NA	-0.172350671498063	NA
LOC101892920	SRCB	FBgn0002939	NA	NA	-0.512625897743874	-1
LOC101892940	NA	FBgn0024230	NA	NA	0.660229415500127	1
LOC101892960	CLIPD	FBgn0085487	NA	NA	-0.465463588527729	NA
LOC101892962	NA	FBgn0031951	effector	r2d2	0.0860293163633725	0
LOC101892974	LYS	FBgn0004431,FBgn0004428,FBgn0004425,FBgn0004427,FBgn0004426,FBgn0004430,FBgn0004429	effector	LysB;LysC;LysD;LysE;LysP;LysS;LysX	-0.417230189742917	0
LOC101892989	CLIPC	NA	NA	NA	0.0759467747686216	NA
LOC101892997	NA	FBgn0010303	signaling	hep	0.5317353179511	0
LOC101893037	NA	FBgn0022787	signaling	Hel89B	0.126000961297213	0
LOC101893051	CLIPD	FBgn0052260	NA	NA	0.322095667674296	0
LOC101893066	NA	FBgn0037758	NA	NA	0.474415589246068	1
LOC101893067	TEP	FBgn0041183,FBgn0041182	recognition	Tep1;Tep2	1.11708634449197	1
LOC101893082	LYS	NA	NA	NA	-0.102112222089011	NA
LOC101893094	CLIPD	FBgn0052271,FBgn0035070	NA	NA	-0.217912794983857	NA
LOC101893097	SRCB	FBgn0051741	NA	NA	0.258194014756808	NA
LOC101893102	CLIPD	FBgn0037677,FBgn0037678	NA	NA	1.42841389090825	1
LOC101893119	NA	FBgn0026083	NA	NA	1.02717972773268	1
LOC101893128	CTL	NA	NA	NA	3.19074614706436	1
LOC101893147	SRCA	FBgn0031571	NA	NA	0.252698892470394	0
LOC101893149	NA	FBgn0039450	NA	NA	0.427700541849362	1
LOC101893151	LYS	FBgn0004431,FBgn0004428,FBgn0004425,FBgn0004427,FBgn0004426,FBgn0004430,FBgn0004429	effector	LysB;LysC;LysD;LysE;LysP;LysS;LysX	-0.396952832405949	0
LOC101893166	NA	FBgn0001965	signaling	Sos	0.684677059869344	1
LOC101893167	FREP	NA	NA	NA	1.57539210048362	1
LOC101893169	NA	NA	NA	NA	0.534134997635343	1
LOC101893184	PGRP	FBgn0043578	effector	PGRP-SB1	3.02549173683731	1
LOC101893185	CLIPD	FBgn0263234	NA	NA	-0.377762267066749	0
LOC101893188	NA	FBgn0032681	NA	NA	0.507830623261191	1
LOC101893190	ATT	FBgn0041579,FBgn0041581,FBgn0012042	effector	AttA;AttB;AttC	1.16452719456549	NA
LOC101893193	NA	FBgn0037021	NA	NA	0.733878725332469	1
LOC101893206	CLIPB	FBgn0029828	NA	NA	-0.576509356687162	0
LOC101893243	TEP	FBgn0041183,FBgn0041182	recognition	Tep1;Tep2	0.268369842585582	NA
LOC101893248	NA	FBgn0023423	modulation	SLMB	-0.0184551822474241	0
LOC101893249	NA	FBgn0030073	NA	NA	1.14586437423083	1
LOC101893252	NA	FBgn0031885	NA	NA	1.18905067484457	1
LOC101893259	LYS	NA	NA	NA	-0.102112222089011	NA
LOC101893260	NA	FBgn0265523	NA	NA	1.08710747380137	1
LOC101893264	CLIPD	FBgn0000808	NA	NA	0.194336313706717	0
LOC101893265	NA	FBgn0027951	NA	NA	0.493883380807262	1
LOC101893277	CLIPD	FBgn0036427	NA	NA	-0.00154582283746203	NA
LOC101893284	NA	FBgn0003117	signaling	pnr	0.149366698431034	NA
LOC101893290	NA	FBgn0033096,FBgn0033097	NA	NA	0.852503959968474	1
LOC101893294	NA	FBgn0003598	NA	NA	0.479926418554503	1
LOC101893298	CTL	NA	NA	NA	-0.224286537892608	0
LOC101893340	NA	FBgn0021764	NA	NA	0.868334822746542	1
LOC101893347	NA	FBgn0027504	NA	NA	0.652675290182263	1
LOC101893350	ATT	FBgn0041579,FBgn0041581,FBgn0012042	effector	AttA;AttB;AttC	1.8639291467712	1
LOC101893367	CLIPD	FBgn0052755,FBgn0029826	NA	NA	-0.265138339760336	0
LOC101893382	NA	FBgn0015600	NA	NA	0.949144267217076	1
LOC101893405	NA	FBgn0035024	NA	NA	0.602447124784232	1
LOC101893407	PPO	FBgn0002562,FBgn0002563	effector	Lsp1α;Lsp1β	0.0826670990580022	NA
LOC101893409	TEP	FBgn0041183,FBgn0041182	recognition	Tep1;Tep2	-0.236652954610414	0
LOC101893425	LYS	FBgn0050062	NA	NA	0.0392466411005843	NA
LOC101893428	LYS	FBgn0004431,FBgn0004428,FBgn0004425,FBgn0004427,FBgn0004426,FBgn0004430,FBgn0004429	effector	LysB;LysC;LysD;LysE;LysP;LysS;LysX	-0.0271799885726985	0
LOC101893456	NA	FBgn0030432	NA	NA	0.762242152934566	1
LOC101893467	CTL	NA	NA	NA	0.0260617137268895	0
LOC101893471	NA	FBgn0036844	modulation	mkp3	0.368216318687918	0
LOC101893474	NA	FBgn0037875	NA	NA	0.525911398202221	1
LOC101893480	CLIPC	FBgn0038113	NA	NA	-0.314192166883499	0
LOC101893490	NA	FBgn0002069	NA	NA	0.285115244189303	1
LOC101893493	CLIPD	FBgn0030688	NA	NA	-0.445692575547362	0
LOC101893510	NA	FBgn0014133	NA	NA	0.666624569171689	1
LOC101893514	NA	FBgn0010382	NA	NA	0.767745537412332	1
LOC101893515	NFKB	FBgn0014018	signaling	Rel	1.58254471707631	1
LOC101893517	NA	FBgn0011837	NA	NA	0.762565404472182	1
LOC101893519	ATT	FBgn0041579,FBgn0041581,FBgn0012042	effector	AttA;AttB;AttC	2.86638680779736	1
LOC101893544	NA	FBgn0052412	NA	NA	0.469680349865309	1
LOC101893554	SPRN	FBgn0038299,FBgn0028984	modulation	Spn88Ea	1.3821424047948	1
LOC101893573	NA	FBgn0264962	NA	NA	0.44232454658341	1
LOC101893580	NA	FBgn0014011	signaling	Rac2	0.0277039344628987	0
LOC101893581	NA	FBgn0033663	NA	NA	2.03875766543984	1
LOC101893582	NA	FBgn0014870	NA	NA	0.636519400752715	1
LOC101893587	NA	FBgn0039132	NA	NA	0.395338711918716	1
LOC101893594	LYS	FBgn0004431,FBgn0004428,FBgn0004425,FBgn0004427,FBgn0004426,FBgn0004430,FBgn0004429	effector	LysB;LysC;LysD;LysE;LysP;LysS;LysX	-0.35500622400277	0
LOC101893603	NA	FBgn0003310	signaling	S	0.530460800803152	0
LOC101893613	CLIPD	FBgn0052271,FBgn0035070	NA	NA	-0.0731270079589833	NA
LOC101893614	NA	FBgn0033926	NA	NA	0.872819445999575	1
LOC101893645	CLIPC	FBgn0003450	NA	NA	0.372459417572136	0
LOC101893653	CLIPA	FBgn0058160,FBgn0031471,FBgn0035496,FBgn0031470,FBgn0028517,FBgn0051827,FBgn0032639	NA	NA	-0.0172325995954489	0
LOC101893656	NA	FBgn0034246	effector	Dcr-2	0.69096632609275	1
LOC101893688	ATT	FBgn0041579,FBgn0041581,FBgn0012042	effector	AttA;AttB;AttC	1.74749180856008	1
LOC101893692	NA	NA	NA	NA	0.703428301643022	1
LOC101893738	GALE	FBgn0052226	NA	NA	0.0226523679288121	0
LOC101893739	NA	FBgn0015509	modulation	lin19	0.430993377684582	1
LOC101893741	NA	FBgn0027581	NA	NA	0.824695715789956	1
LOC101893763	LYS	FBgn0004431,FBgn0004428,FBgn0004425,FBgn0004427,FBgn0004426,FBgn0004430,FBgn0004429	effector	LysB;LysC;LysD;LysE;LysP;LysS;LysX	-0.349517682136645	0
LOC101893770	NA	FBgn0031049,FBgn0033691	NA	NA	0.405242833450999	1
LOC101893780	CLIPD	FBgn0052271,FBgn0035070	NA	NA	-0.0576847240274671	NA
LOC101893793	NA	FBgn0087013	NA	NA	0.605684711049682	1
LOC101893804	NA	FBgn0052185	effector	edin	1.39900675941647	1
LOC101893805	NA	FBgn0037182	NA	NA	0.957579268085462	1
LOC101893833	SPRN	FBgn0038299,FBgn0028984	modulation	Spn88Ea	1.45648550593306	1
LOC101893837	CLIPD	FBgn0035501	NA	NA	0.102733514150442	0
LOC101893838	CLIPD	FBgn0034052	NA	NA	-0.167164707566514	0
LOC101893852	ATT	FBgn0041579,FBgn0041581,FBgn0012042	effector	AttA;AttB;AttC	2.28286276164188	1
LOC101893857	NA	FBgn0033339	NA	NA	0.706497578452955	1
LOC101893869	SRCC	FBgn0030617	NA	NA	0.12006589943274	0
LOC101893879	NA	FBgn0025455	NA	NA	0.74718811354664	1
LOC101893881	NA	FBgn0261954	NA	NA	0.645277246575655	1
LOC101893892	CLIPD	NA	NA	NA	-0.820923015034374	-1
LOC101893897	NA	FBgn0261885	NA	NA	0.88652014990743	1
LOC101893926	NA	FBgn0005632	NA	NA	0.516570289401691	1
LOC101893928	NA	FBgn0037098	NA	NA	0.50400057850421	1
LOC101893975	NA	FBgn0038872	NA	NA	0.772815191679729	1
LOC101893977	CLIPD	FBgn0031619	NA	NA	0.0826670990580022	NA
LOC101893980	NA	FBgn0051778	NA	NA	1.11261457506136	1
LOC101893983	CLIPC	FBgn0038114	NA	NA	-0.0527045254240196	NA
LOC101893993	CLIPA	FBgn0058160,FBgn0031471,FBgn0035496,FBgn0031470,FBgn0028517,FBgn0051827,FBgn0032639	NA	NA	1.05235896786413	1
LOC101894004	TEP	FBgn0041183,FBgn0041182	recognition	Tep1;Tep2	1.84536886280842	1
LOC101894008	SPRN	FBgn0037772	NA	NA	0.0679134560117692	NA
LOC101894011	CLIPD	NA	NA	NA	-0.9026477719824	-1
LOC101894014	CLIPB	FBgn0037515	effector	Sp7	0.817929691135447	1
LOC101894015	NA	FBgn0033915	NA	NA	0.750433783864514	1
LOC101894016	NA	FBgn0266569	NA	NA	2.27617784829624	1
LOC101894019	SPRN	FBgn0265137,FBgn0033112	NA	NA	1.03100065241945	1
LOC101894029	CLIPD	FBgn0031249	NA	NA	-0.821018335976823	-1
LOC101894036	HPX	FBgn0261987	NA	NA	0.215814190140565	0
LOC101894037	CLIPD	FBgn0029827	NA	NA	-1.03374899189691	-1
LOC101894051	NA	FBgn0032974	NA	NA	0.631146761733356	1
LOC101894052	MD2L	FBgn0031381	recognition	Npc2a	-0.375393825650602	0
LOC101894055	CLIPB	NA	NA	NA	0.68071971334354	0
LOC101894082	NA	FBgn0011725	NA	NA	0.678159337781196	1
LOC101894098	NA	FBgn0027607	NA	NA	0.940362635977588	1
LOC101894103	NA	FBgn0011016	NA	NA	0.568150278895247	1
LOC101894134	NA	FBgn0260945	NA	NA	0.475907836535936	1
LOC101894137	NA	FBgn0040340	NA	NA	1.04155988221802	1
LOC101894140	CTL	NA	NA	NA	-0.213416344008743	0
LOC101894161	CLIPC	FBgn0038114	NA	NA	-0.276907234032812	NA
LOC101894169	LYS	FBgn0004431,FBgn0004428,FBgn0004425,FBgn0004427,FBgn0004426,FBgn0004430,FBgn0004429	effector	LysB;LysC;LysD;LysE;LysP;LysS;LysX	-0.199995241189835	0
LOC101894181	TEP	FBgn0041183,FBgn0041182	recognition	Tep1;Tep2	1.28897331846902	1
LOC101894187	CLIPD	NA	NA	NA	-0.823864479138371	-1
LOC101894188	MD2L	FBgn0037783	NA	NA	-0.458289604753263	NA
LOC101894196	SPRN	FBgn0265137,FBgn0033112	NA	NA	1.02075219625278	1
LOC101894198	NA	FBgn0027091	NA	NA	0.359398283256094	1
LOC101894203	NA	NA	NA	NA	0.901051605317012	1
LOC101894206	NA	FBgn0028671	NA	NA	0.427301749533471	1
LOC101894212	CLIPD	NA	NA	NA	-0.461819372724483	0
LOC101894255	NA	FBgn0085456	NA	NA	1.0433624673139	1
LOC101894267	NA	FBgn0010014,FBgn0015614	modulation	canB	0.0748099550302749	0
LOC101894309	NA	FBgn0261934	NA	NA	0.699583413808429	1
LOC101894311	NA	FBgn0261617	NA	NA	0.850292270653534	1
LOC101894313	CLIPA	FBgn0037627	NA	NA	-0.179575472201518	0
LOC101894324	NA	FBgn0003963	signaling	ush	0.382334051489318	0
LOC101894326	CLIPD	FBgn0031619	NA	NA	NA	NA
LOC101894327	NA	FBgn0052185	effector	edin	1.47955743841096	1
LOC101894328	NA	FBgn0004924	NA	NA	0.680022506881525	1
LOC101894347	NA	FBgn0029769	NA	NA	1.53784472830247	1
LOC101894350	NA	FBgn0267430	NA	NA	0.91507994086908	1
LOC101894360	CLIPD	FBgn0037677,FBgn0037678	NA	NA	-1.50976188525653	-1
LOC101894361	CLIPD	FBgn0015316	NA	NA	-0.795364560447329	0
LOC101894370	SPRN	FBgn0265137,FBgn0033112	NA	NA	2.7039796560995	1
LOC101894373	CLIPD	FBgn0263234	NA	NA	-0.853295234031371	-1
LOC101894400	NA	FBgn0051224	NA	NA	0.518151382252486	1
LOC101894417	NA	FBgn0262527	NA	NA	0.959582212463653	1
LOC101894436	NA	FBgn0264922	modulation	smt3	0.100137404510249	0
LOC101894437	NA	FBgn0019890	NA	NA	0.748742792244205	1
LOC101894440	NA	FBgn0011737	NA	NA	0.575362460658458	1
LOC101894451	NA	FBgn0013263	NA	NA	0.88159275767995	1
LOC101894482	NA	FBgn0004435	effector	Galphaq	0.130722442825331	0
LOC101894488	NA	FBgn0010602	modulation	lwr	0.00953125227912033	0
LOC101894490	TEP	FBgn0041183,FBgn0041182	recognition	Tep1;Tep2	-0.490215752613266	0
LOC101894491	NA	FBgn0052185	effector	edin	1.54617123742512	NA
LOC101894503	NA	FBgn0029504	NA	NA	0.746390615140516	1
LOC101894520	CLIPD	FBgn0011556	NA	NA	-0.667659928371796	-1
LOC101894522	NA	FBgn0010803	NA	NA	0.615600295424411	1
LOC101894524	NA	FBgn0037518	NA	NA	1.07592420083667	1
LOC101894526	NA	FBgn0029113	modulation	Uba2	0.203270426367441	0
LOC101894531	SPRN	FBgn0265137,FBgn0033112	NA	NA	0.0324813778299115	0
LOC101894544	NA	FBgn0052190	NA	NA	1.24541259017499	1
LOC101894555	GALE	FBgn0031213	NA	NA	0.444031007040179	1
LOC101894559	CLIPC	FBgn0025378	NA	NA	-0.195190890609213	NA
LOC101894601	LYS	FBgn0004431,FBgn0004428,FBgn0004425,FBgn0004427,FBgn0004426,FBgn0004430,FBgn0004429	effector	LysB;LysC;LysD;LysE;LysP;LysS;LysX	-0.0606367306147352	0
LOC101894602	NA	FBgn0004838	NA	NA	0.706678727679354	1
LOC101894606	NA	FBgn0031988	NA	NA	0.526155533409835	1
LOC101894642	NA	FBgn0010391	NA	NA	0.425169908061145	1
LOC101894651	TEP	FBgn0041183,FBgn0041182	recognition	Tep1;Tep2	-0.564506135242931	NA
LOC101894659	NA	FBgn0261397	NA	NA	0.468179856568381	1
LOC101894668	NA	FBgn0004795	NA	NA	0.632061026068822	1
LOC101894681	CLIPD	FBgn0011554	NA	NA	-0.488623438742198	0
LOC101894683	NA	FBgn0037327	NA	NA	0.752829467357426	1
LOC101894688	CLIPB	FBgn0039102	signaling	SPE	0.0706716970500567	NA
LOC101894693	CLIPD	FBgn0050371	NA	NA	0.0321331513562471	0
LOC101894718	CLIPC	FBgn0025378	NA	NA	NA	NA
LOC101894719	FREP	FBgn0003326	NA	NA	0.350716881661829	NA
LOC101894730	NA	FBgn0015803	NA	NA	0.679579282638002	1
LOC101894758	NA	NA	NA	NA	1.00576889638328	1
LOC101894807	NA	FBgn0050020	NA	NA	0.70227231597472	1
LOC101894811	TEP	FBgn0041183,FBgn0041182	recognition	Tep1;Tep2	-0.78897632752483	0
LOC101894814	FREP	NA	NA	NA	NA	NA
LOC101894819	GALE	FBgn0031214	NA	NA	-0.197706223531222	0
LOC101894822	NA	FBgn0263278	NA	NA	0.84302607265265	1
LOC101894830	NA	FBgn0016070	NA	NA	0.996140079770867	1
LOC101894840	CLIPD	FBgn0043470	NA	NA	-0.466432218112908	0
LOC101894848	CLIPB	FBgn0039102	signaling	SPE	0.794067178467533	NA
LOC101894853	CLIPD	FBgn0033192	NA	NA	0.637925200901973	0
LOC101894858	NA	FBgn0029525	NA	NA	0.483634585689027	1
LOC101894859	LYS	NA	NA	NA	-0.449367530706355	0
LOC101894864	NA	FBgn0024326	signaling	Mkk4	-0.0207310289997842	0
LOC101894866	NA	FBgn0036389	NA	NA	0.423790217046758	1
LOC101894894	CLIPD	FBgn0038482	NA	NA	0.0542732137759047	0
LOC101894896	NA	FBgn0030018	signaling	slpr	0.50530794831713	0
LOC101894901	NA	FBgn0261547	NA	NA	0.49239369653583	1
LOC101894917	NA	FBgn0263740,FBgn0263755	NA	NA	0.358630663016367	1
LOC101894919	NA	NA	NA	NA	0.682261796446817	1
LOC101894951	NA	FBgn0035847,FBgn0045442,FBgn0035789,FBgn0034219,FBgn0028956,FBgn0035623,FBgn0023000,FBgn0045443	NA	NA	1.14951174153513	1
LOC101894968	FREP	NA	NA	NA	-0.17074617861445	0
LOC101894976	TEP	FBgn0041183,FBgn0041182	recognition	Tep1;Tep2	2.4498741599539	1
LOC101894979	FREP	NA	NA	NA	1.65528611503986	1
LOC101894982	NA	FBgn0004647	signaling	N	0.624604581871353	1
LOC101894989	NA	FBgn0011722	effector	Tig	0.723932237368837	1
LOC101895007	CLIPD	FBgn0043471	NA	NA	-0.852197139134319	-1
LOC101895009	NA	FBgn0050394	NA	NA	0.7832867536269	1
LOC101895010	NA	FBgn0000405	NA	NA	0.839467116965502	1
LOC101895042	CLIPC	FBgn0025378	NA	NA	-0.0801149001207563	NA
LOC101895051	NA	FBgn0033593	effector	Listericin	NA	NA
LOC101895059	NA	FBgn0033609	NA	NA	0.53018035621345	1
LOC101895070	TSF	FBgn0022355	effector	Tsf1	-0.171283693241612	0
LOC101895074	PGRP	FBgn0037906	modulation	PGRP-LB	3.10062845800988	1
LOC101895088	NA	FBgn0052685	NA	NA	0.548515377452644	1
LOC101895093	NA	FBgn0016917	signaling	Stat92E	0.24543159719795	0
LOC101895096	NA	NA	NA	NA	0.535509944850512	1
LOC101895110	NA	FBgn0002431	NA	NA	0.765678586400923	1
LOC101895127	NA	FBgn0044826	NA	NA	0.684934512409381	1
LOC101895133	NA	FBgn0004882	NA	NA	0.563256807266943	1
LOC101895135	MD2L	FBgn0039154	NA	NA	-0.50289348136079	0
LOC101895141	FREP	NA	NA	NA	0.0147218592781139	0
LOC101895168	NA	FBgn0004512	NA	NA	0.360716345899125	1
LOC101895169	NIM	FBgn0028936	recognition	NimB5	-0.692493137317445	-1
LOC101895171	CLIPD	FBgn0015316	NA	NA	-0.956643821514465	-1
LOC101895177	NA	FBgn0026252	NA	NA	0.418064852468864	1
LOC101895185	NA	FBgn0052451	NA	NA	0.906879298071738	1
LOC101895198	NA	FBgn0030504	NA	NA	0.395020846767383	1
LOC101895204	NA	FBgn0003557	NA	NA	0.437535667512402	1
LOC101895205	NA	FBgn0083972	NA	NA	1.64286686103279	1
LOC101895214	NA	FBgn0040395	NA	NA	0.821747074558347	1
LOC101895220	NA	FBgn0038787	NA	NA	0.710349024041375	1
LOC101895224	NA	FBgn0033593	effector	Listericin	-0.56219691587454	NA
LOC101895229	NA	FBgn0031051	NA	NA	0.59859766721159	1
LOC101895237	NA	FBgn0004396	NA	NA	1.29561037183055	1
LOC101895241	NA	NA	NA	NA	0.720322532584302	1
LOC101895247	PGRP	NA	NA	NA	3.07560587259603	1
LOC101895255	NA	FBgn0027654	NA	NA	0.520278043520489	1
LOC101895258	NA	FBgn0030246	NA	NA	0.541263903223925	1
LOC101895268	NA	FBgn0085244	NA	NA	0.639818317112999	1
LOC101895279	NA	FBgn0015778	NA	NA	0.565794551261474	1
LOC101895287	NA	FBgn0051773,FBgn0030407	NA	NA	1.05793823658288	1
LOC101895291	CLIPB	FBgn0039102	signaling	SPE	-0.607855801180396	0
LOC101895298	NA	FBgn0261823	NA	NA	0.718838536823693	1
LOC101895308	NA	FBgn0019948	NA	NA	1.13765945345906	1
LOC101895310	FREP	NA	NA	NA	0.116102536586547	0
LOC101895339	NA	FBgn0259785	NA	NA	0.557952497981917	1
LOC101895341	NIM	FBgn0001967	recognition	NimC3	-1.8695000473344	-1
LOC101895344	CLIPD	NA	NA	NA	-0.795442795566268	-1
LOC101895352	CLIPD	FBgn0031248	NA	NA	-0.248934232436788	0
LOC101895366	NA	FBgn0030465	NA	NA	0.580366257439427	1
LOC101895374	NA	FBgn0031645	NA	NA	1.12088158268545	1
LOC101895381	TEP	FBgn0041183,FBgn0041182	recognition	Tep1;Tep2	1.28672035505111	1
LOC101895389	CLIPD	FBgn0038485	NA	NA	0.0138331751355402	NA
LOC101895398	NA	FBgn0033593	effector	Listericin	-0.801309872798757	0
LOC101895417	CTL	FBgn0035031	NA	NA	0.239333783671161	NA
LOC101895422	PGRP	NA	NA	NA	3.13661862408528	1
LOC101895428	NA	FBgn0262127	NA	NA	0.625300489170139	1
LOC101895439	NA	FBgn0085244	NA	NA	0.936729312086062	1
LOC101895441	NA	FBgn0027619	NA	NA	0.451544109385656	1
LOC101895449	PPO	FBgn0000639	effector	Fbp1	-0.884238094788474	-1
LOC101895503	NA	FBgn0261550	NA	NA	0.614773405027563	1
LOC101895513	NIM	FBgn0259896	recognition	NimC1	-0.92964893514157	-1
LOC101895516	CLIPD	NA	NA	NA	-0.675506791800908	-1
LOC101895525	NA	FBgn0004574	NA	NA	0.462808272839239	1
LOC101895526	CLIPD	FBgn0031248	NA	NA	-0.614219506052132	0
LOC101895531	NA	FBgn0028717	NA	NA	0.848735848458222	1
LOC101895549	NA	FBgn0016977	signaling	spen	0.730256177838497	1
LOC101895556	NA	FBgn0014032	NA	NA	0.672276244298344	1
LOC101895569	NA	FBgn0033062	effector	Ars2	0.400440114419605	1
LOC101895574	NA	FBgn0263396	NA	NA	0.470571981488755	1
LOC101895582	NA	FBgn0031055,FBgn0043903	modulation;signaling	dome;et	1.39838982867635	1
LOC101895586	CLIPD	FBgn0051954	NA	NA	-0.137848951362357	NA
LOC101895601	TPX	FBgn0040308	NA	NA	-0.13916054630777	0
LOC101895603	NA	FBgn0028341	NA	NA	0.445830858247907	1
LOC101895610	NA	FBgn0004864	signaling	hop	0.687714892998042	1
LOC101895630	NFKB	NA	NA	NA	-0.292862658629239	0
LOC101895631	NA	FBgn0035847,FBgn0045442,FBgn0035789,FBgn0034219,FBgn0028956,FBgn0035623,FBgn0023000,FBgn0045443	NA	NA	1.23558985498051	1
LOC101895634	NA	FBgn0033072	NA	NA	1.27538675844994	1
LOC101895635	CLIPA	FBgn0058160,FBgn0031471,FBgn0035496,FBgn0031470,FBgn0028517,FBgn0051827,FBgn0032639	NA	NA	0.291823050714264	0
LOC101895694	CLIPD	NA	NA	NA	-1.28103844647819	-1
LOC101895700	CLIPD	FBgn0031249	NA	NA	-0.259779273986405	0
LOC101895719	NA	FBgn0036043	NA	NA	0.506806646523717	1
LOC101895729	NA	FBgn0011708	NA	NA	0.473051494074893	1
LOC101895736	NA	FBgn0011224	NA	NA	0.697475505420902	1
LOC101895742	SPRN	FBgn0033113	NA	NA	1.41359474058794	1
LOC101895752	NA	FBgn0035793	NA	NA	0.466676278663649	1
LOC101895756	NA	FBgn0031055,FBgn0043903	modulation;signaling	dome;et	0.396114122633356	0
LOC101895758	NA	FBgn0023388	NA	NA	0.530137251737992	1
LOC101895761	CLIPD	FBgn0051954	NA	NA	0.00506987576596984	NA
LOC101895783	NA	FBgn0001301	NA	NA	0.607654573448343	1
LOC101895787	SRCB	FBgn0035815	NA	NA	-0.299129666068362	0
LOC101895789	CLIPB	FBgn0051217	signaling	modSP	1.26015426762659	1
LOC101895795	NA	FBgn0039131	NA	NA	0.761166550953116	1
LOC101895802	PPO	FBgn0000639	effector	Fbp1	-0.773074703725867	0
LOC101895806	FREP	NA	NA	NA	-0.682658274428594	-1
LOC101895823	CLIPD	FBgn0033277	NA	NA	0.16951590519882	NA
LOC101895824	CLIPD	FBgn0051267	NA	NA	-0.556837155465599	-1
LOC101895825	SPRN	FBgn0024293	NA	NA	-0.406882205672046	-1
LOC101895839	NA	FBgn0004397	signaling	Vinc	-0.0632176017809626	0
LOC101895850	NA	FBgn0024277	NA	NA	0.908094034458762	1
LOC101895860	SRCC	FBgn0032797	NA	NA	-0.60915035871333	0
LOC101895867	NIM	NA	NA	NA	-0.319396825976664	0
LOC101895869	CLIPD	FBgn0259998	NA	NA	-0.407506040469243	0
LOC101895875	CLIPC	FBgn0053127	NA	NA	-0.810791878696132	-1
LOC101895882	CLIPD	FBgn0036436	NA	NA	-0.319411962096099	NA
LOC101895886	NA	FBgn0032006	signaling	Pvr	0.418637814207892	0
LOC101895891	NA	FBgn0035397	NA	NA	0.862253206399949	1
LOC101895899	NA	FBgn0003205	signaling	Ras85D	-0.164662650920187	0
LOC101895929	PPO	FBgn0261362	effector	proPO-A1	-0.612010720396743	0
LOC101895938	CLIPD	FBgn0051954	NA	NA	-0.0694405370026342	NA
LOC101895951	LYS	FBgn0004431,FBgn0004428,FBgn0004425,FBgn0004427,FBgn0004426,FBgn0004430,FBgn0004429	effector	LysB;LysC;LysD;LysE;LysP;LysS;LysX	-0.377037075950158	0
LOC101895954	NA	FBgn0039326,FBgn0045761,FBgn0039324,FBgn0039325,FBgn0039323	NA	NA	0.525970829803658	1
LOC101895962	NA	FBgn0037493,FBgn0028400	NA	NA	1.28799822528823	1
LOC101895985	NA	FBgn0052654	NA	NA	0.868035688597922	1
LOC101895986	CLIPC	FBgn0039628,FBgn0039629,FBgn0039630	NA	NA	0.483604896529474	0
LOC101895989	SPRN	FBgn0262057	modulation	Spn77Ba	-0.162015516390472	0
LOC101895997	NA	FBgn0261648	NA	NA	0.921915479012819	1
LOC101896000	CLIPD	FBgn0050375	NA	NA	0.0706716970500567	NA
LOC101896001	CLIPD	FBgn0038484	NA	NA	0.222964550327706	0
LOC101896004	NA	FBgn0003042	NA	NA	1.03980129238574	1
LOC101896012	GPX	FBgn0035438	NA	NA	-0.417829105793132	-1
LOC101896020	NA	NA	NA	NA	0.643432336166003	1
LOC101896027	NA	FBgn0036476	NA	NA	0.923505384039483	1
LOC101896030	NA	FBgn0038928	signaling	Fadd	-0.0434300030323	0
LOC101896037	NA	FBgn0034237	NA	NA	0.361518468294069	1
LOC101896038	NIM	NA	NA	NA	-1.39357886635693	-1
LOC101896047	NA	FBgn0036402	NA	NA	0.485564401127107	1
LOC101896049	SPRN	FBgn0265137,FBgn0033112	NA	NA	0.412162213907279	0
LOC101896073	NIM	FBgn0035084	NA	NA	-0.13930840036457	NA
LOC101896104	CLIPD	FBgn0051954	NA	NA	-0.276807284429257	NA
LOC101896107	NA	FBgn0035762	NA	NA	0.408585736188016	1
LOC101896116	SPRN	FBgn0002930	modulation	nec	2.52382370517836	1
LOC101896126	NA	FBgn0004598	NA	NA	0.856913511956091	1
LOC101896127	CLIPE	FBgn0051544	NA	NA	1.81738876147031	1
LOC101896152	NA	FBgn0035266	NA	NA	0.570997138361604	1
LOC101896156	NA	FBgn0262081	NA	NA	0.772190779290428	1
LOC101896158	PGRP	FBgn0043576,FBgn0033327,FBgn0043575	modulation	PGRP-SC1a;PGRP-SC1b;PGRP-SC2	NA	NA
LOC101896160	CLIPD	FBgn0038481	NA	NA	-0.600006776386638	-1
LOC101896169	NA	FBgn0033355	NA	NA	1.91739348471643	1
LOC101896174	NA	FBgn0030734	NA	NA	0.391235130487931	1
LOC101896190	CLIPD	FBgn0036738	NA	NA	-0.707056253026096	NA
LOC101896198	NA	FBgn0026319	signaling	Traf4	-0.147818475371868	0
LOC101896200	NIM	FBgn0243514	recognition	eater	-0.572820374225833	0
LOC101896202	CLIPC	FBgn0039628,FBgn0039629,FBgn0039630	NA	NA	0.483604896529474	0
LOC101896218	NA	FBgn0005626	effector	ple	0.123090315091149	0
LOC101896240	NA	FBgn0010280	NA	NA	0.642037794441773	1
LOC101896245	NA	FBgn0028484	NA	NA	0.559067532152794	1
LOC101896252	NA	FBgn0010747	NA	NA	0.371696644085522	1
LOC101896256	NA	FBgn0052372	NA	NA	0.639861403677145	1
LOC101896258	NA	FBgn0051216	NA	NA	0.729958087713254	1
LOC101896266	NA	FBgn0053123	NA	NA	0.496567340665005	1
LOC101896276	NA	FBgn0085206	NA	NA	1.31710332773415	1
LOC101896277	FREP	NA	NA	NA	0.000165252849111015	NA
LOC101896278	SPRN	FBgn0024294	NA	NA	0.135250530634408	0
LOC101896279	NA	FBgn0036286	NA	NA	0.416669468121887	1
LOC101896283	NA	FBgn0034602	NA	NA	1.20935096257856	1
LOC101896299	NA	FBgn0030262	effector	Vago	-0.461089851080189	0
LOC101896302	NA	FBgn0015806	NA	NA	0.48495090854802	1
LOC101896306	NA	FBgn0052369	NA	NA	0.739191664554679	1
LOC101896320	NA	FBgn0000568	NA	NA	0.730089161405043	1
LOC101896323	NIM	FBgn0027594	recognition	draper	0.178933138219891	0
LOC101896324	NA	FBgn0034423,FBgn0039124,FBgn0004656	NA	NA	0.543530362335512	1
LOC101896331	CLIPD	FBgn0038479	NA	NA	-0.343147734837876	0
LOC101896357	CTL	NA	NA	NA	-0.638770181211124	0
LOC101896365	MD2L	FBgn0037782	NA	NA	-0.720292119353436	-1
LOC101896367	NA	FBgn0035983	NA	NA	0.645592947906572	1
LOC101896368	FREP	NA	NA	NA	-0.583497411057903	0
LOC101896384	NA	FBgn0264495	NA	NA	0.56188313314402	1
LOC101896406	NA	FBgn0001087	NA	NA	0.597896863954898	1
LOC101896448	NA	FBgn0033224	NA	NA	0.599014246681903	1
LOC101896449	FREP	NA	NA	NA	1.99888492237727	1
LOC101896450	NA	FBgn0025469	NA	NA	0.527803216003481	1
LOC101896451	CLIPD	FBgn0036287	NA	NA	0.786844870621243	0
LOC101896453	NA	FBgn0052797,FBgn0037636	NA	NA	0.906844396746594	1
LOC101896466	NA	FBgn0086707	NA	NA	0.531260317531543	1
LOC101896495	CLIPD	NA	NA	NA	-0.781686703105654	-1
LOC101896497	NA	FBgn0000183	NA	NA	0.621532560940994	1
LOC101896499	NA	FBgn0031260	NA	NA	1.00627383503292	1
LOC101896525	NA	FBgn0000289	NA	NA	0.737891572034692	1
LOC101896536	CTL	NA	NA	NA	-0.85588866466099	-1
LOC101896543	HPX	FBgn0263986	NA	NA	-0.56550235883683	0
LOC101896557	SPRN	FBgn0028987,FBgn0028986	NA	NA	-0.216115066440567	0
LOC101896594	NA	FBgn0261560	NA	NA	1.00855073379749	1
LOC101896596	NA	FBgn0030904	signaling	upd2	1.01192318024459	1
LOC101896620	NA	FBgn0001257	NA	NA	0.915929597512731	1
LOC101896627	CLIPD	FBgn0023479	NA	NA	-0.496596045645801	-1
LOC101896635	NA	FBgn0260941	NA	NA	0.907896434531536	1
LOC101896647	NA	FBgn0028969	NA	NA	0.580221273962542	1
LOC101896648	NA	FBgn0016794	NA	NA	0.760970542173731	1
LOC101896656	NA	FBgn0029512	modulation	Aos1	-0.111850513700081	0
LOC101896688	CLIPD	FBgn0038431	NA	NA	-0.793207116237779	0
LOC101896690	NA	FBgn0037786	NA	NA	0.614567907230385	1
LOC101896705	NA	FBgn0000229	signaling	bsk	0.0167308377891668	0
LOC101896731	NA	FBgn0001291	signaling	Jra	-0.0291166576931885	0
LOC101896738	SPRN	FBgn0265137,FBgn0033112	NA	NA	3.0891749061632	1
LOC101896744	NA	FBgn0263077	NA	NA	0.538177924517111	1
LOC101896745	NA	FBgn0034853	NA	NA	0.711901420917078	1
LOC101896746	NA	FBgn0008635	NA	NA	0.452096171996996	1
LOC101896773	CLIPD	FBgn0030773,FBgn0052523	NA	NA	-0.949192453318297	-1
LOC101896778	NA	FBgn0004638	signaling	drk	0.339402589174278	0
LOC101896805	NA	FBgn0030366	NA	NA	0.558888866711419	1
LOC101896844	FREP	NA	NA	NA	-0.688212208835645	-1
LOC101896878	NA	FBgn0000251	modulation	cad	0.630779704673718	0
LOC101896892	PGRP	FBgn0043576,FBgn0033327,FBgn0043575	modulation	PGRP-SC1a;PGRP-SC1b;PGRP-SC2	-0.498041330333412	0
LOC101896894	NA	FBgn0033155	NA	NA	0.658115085237563	1
LOC101896897	DIPT	FBgn0034407,FBgn0004240	effector	Dpt;DptB	1.82836737252017	NA
LOC101896902	NA	FBgn0031497	NA	NA	0.482288860703321	1
LOC101896905	NA	FBgn0013983	signaling	imd	0.0674758721872636	0
LOC101896908	NA	FBgn0027079	NA	NA	0.738330140428605	1
LOC101896910	SPRN	FBgn0028987,FBgn0028986	NA	NA	2.79107506184959	1
LOC101896914	ATT	FBgn0038530	effector	AttD	0.481850889473664	0
LOC101896928	CLIPB	FBgn0032753	NA	NA	-0.554641207465791	0
LOC101896936	NA	FBgn0027095	NA	NA	1.03402213021717	1
LOC101896960	NIM	FBgn0261514	recognition	NimA	-0.0878055643096462	NA
LOC101896967	NA	FBgn0027088	NA	NA	0.485635240706646	1
LOC101896973	NA	FBgn0039465	NA	NA	0.809857162606422	1
LOC101897004	NA	FBgn0043791	NA	NA	1.10709888509193	1
LOC101897015	FREP	NA	NA	NA	-0.557899108432324	-1
LOC101897017	NA	FBgn0031950	NA	NA	0.429079179952462	1
LOC101897025	NA	FBgn0027836	NA	NA	1.72442849785971	1
LOC101897028	NA	FBgn0034181	NA	NA	0.959548282014544	1
LOC101897032	NA	FBgn0004167	NA	NA	0.528794337374898	1
LOC101897044	SRCB	FBgn0035091	NA	NA	-0.0323743509983095	0
LOC101897064	NA	FBgn0033153	NA	NA	2.23934301776226	1
LOC101897067	DIPT	FBgn0034407,FBgn0004240	effector	Dpt;DptB	2.01905739177778	NA
LOC101897075	TEP	FBgn0041183,FBgn0041182	recognition	Tep1;Tep2	1.10814153832917	1
LOC101897077	NA	FBgn0033661	NA	NA	0.598668230960365	1
LOC101897078	CLIPD	FBgn0052271,FBgn0035070	NA	NA	-0.888755529181578	0
LOC101897088	NA	FBgn0038532	NA	NA	0.712266227436532	1
LOC101897089	NA	NA	NA	NA	1.12061267879768	1
LOC101897092	SPRN	FBgn0024294	NA	NA	-0.117831902563733	NA
LOC101897109	NA	FBgn0001994	NA	NA	0.561198886229144	1
LOC101897112	GALE	FBgn0038419	NA	NA	0.882671903983857	1
LOC101897125	NA	FBgn0001316	NA	NA	0.683177330616379	1
LOC101897128	TEP	FBgn0041183,FBgn0041182	recognition	Tep1;Tep2	0.57853122335597	0
LOC101897152	NA	FBgn0261524	signaling	lic	0.184105483367475	0
LOC101897162	NA	FBgn0035766	NA	NA	0.455292844385115	1
LOC101897166	NA	FBgn0037556	NA	NA	1.15562757612702	1
LOC101897189	FREP	NA	NA	NA	-0.179908721911971	NA
LOC101897192	NA	FBgn0001965	signaling	Sos	0.230402865042147	0
LOC101897223	NA	FBgn0032805	NA	NA	2.20433395131137	1
LOC101897227	NA	FBgn0010877	NA	NA	0.462063070341041	1
LOC101897244	DIPT	NA	NA	NA	1.6733194944572	1
LOC101897245	NA	FBgn0031590	NA	NA	0.397620206428743	1
LOC101897257	CLIPD	FBgn0052271,FBgn0035070	NA	NA	-0.572101184786314	NA
LOC101897270	NA	FBgn0263144	NA	NA	0.624295426791603	1
LOC101897273	NA	NA	NA	NA	0.868175515802071	1
LOC101897278	NA	NA	NA	NA	0.883908223090038	1
LOC101897291	NA	FBgn0085424	signaling	nub	0.263138955562689	0
LOC101897298	FREP	NA	NA	NA	-0.285535222436116	0
LOC101897310	TEP	FBgn0041183,FBgn0041182	recognition	Tep1;Tep2	2.71148497417171	1
LOC101897312	NA	FBgn0265140	NA	NA	0.785763418949251	1
LOC101897325	NA	NA	NA	NA	0.597118374347822	1
LOC101897335	NA	NA	NA	NA	1.16860946846976	1
LOC101897339	CLIPD	FBgn0036817	NA	NA	-0.508696361459132	NA
LOC101897360	NA	FBgn0262871	NA	NA	0.739248512367952	1
LOC101897363	CTL	FBgn0031273,FBgn0261258	NA	NA	0.358298876946988	0
LOC101897385	NA	FBgn0030316	NA	NA	0.720325436933241	1
LOC101897386	NA	FBgn0020762	NA	NA	0.937487234502964	1
LOC101897396	CLIPD	FBgn0038482	NA	NA	0.11987607838155	NA
LOC101897401	NA	FBgn0033925	NA	NA	0.753440468283555	1
LOC101897406	NA	FBgn0032810	NA	NA	1.3889464279073	1
LOC101897434	CLIPD	FBgn0052271,FBgn0035070	NA	NA	0.0706716970500567	NA
LOC101897494	NA	FBgn0041171	NA	NA	0.932757708858878	1
LOC101897511	PGRP	FBgn0035976	recognition	PGRP-LC	0.344267677178221	0
LOC101897516	NA	FBgn0034162,FBgn0025827	effector	CG6421;CG6426	-0.736987323482578	-1
LOC101897522	SRCB	FBgn0035290	NA	NA	0.10822265068491	0
LOC101897528	NA	FBgn0005694	NA	NA	0.708230258589743	1
LOC101897531	FREP	NA	NA	NA	-1.07882827778915	-1
LOC101897546	HPX	FBgn0263986	NA	NA	-0.477097433889921	0
LOC101897554	NA	FBgn0010909	NA	NA	0.761627550206785	1
LOC101897563	CLIPD	FBgn0038482	NA	NA	0.0650240144768458	NA
LOC101897575	CLIPD	FBgn0038595	NA	NA	-0.275680640075763	0
LOC101897581	NA	FBgn0023143	NA	NA	0.442115114117884	1
LOC101897604	CLIPC	FBgn0052271,FBgn0035070	NA	NA	-0.0938774126119664	NA
LOC101897615	NA	FBgn0041604	NA	NA	0.710468675038836	1
LOC101897649	SRCC	FBgn0032797	NA	NA	0.0848804423013291	0
LOC101897650	GALE	NA	NA	NA	0.918428601110257	0
LOC101897658	PPO	NA	NA	NA	-0.821860623857392	-1
LOC101897660	NA	FBgn0261932	NA	NA	1.04521504491979	1
LOC101897690	CLIPA	FBgn0011653	NA	NA	-0.199833163157504	NA
LOC101897712	NA	FBgn0034504	NA	NA	0.759014053285146	1
LOC101897728	NA	FBgn0261383	NA	NA	0.497972692811053	1
LOC101897736	CLIPD	FBgn0051265,FBgn0051269	NA	NA	-0.38781289509404	0
LOC101897738	NFKB	NA	NA	NA	-0.23357611733471	0
LOC101897758	NA	FBgn0259735	NA	NA	1.02457661073696	1
LOC101897764	NA	FBgn0051729	NA	NA	0.498104880634097	1
LOC101897767	NA	FBgn0025678	NA	NA	0.902462704009301	1
LOC101897780	CLIPD	NA	NA	NA	-0.901225175012167	-1
LOC101897783	CLIPD	FBgn0052271,FBgn0035070	NA	NA	-0.195114880977797	NA
LOC101897787	NA	FBgn0086686	NA	NA	0.691275698613261	1
LOC101897803	NA	FBgn0037420	NA	NA	0.857419214807729	1
LOC101897814	NA	FBgn0000578	NA	NA	0.709481137234673	1
LOC101897826	NA	FBgn0025725	NA	NA	0.521033895050269	1
LOC101897855	NA	FBgn0039767	NA	NA	0.55293087984047	1
LOC101897860	NA	FBgn0034641	NA	NA	0.54190987647018	1
LOC101897903	CLIPD	FBgn0051265,FBgn0051269	NA	NA	0.0414142821613606	0
LOC101897908	NA	FBgn0262117	NA	NA	0.564506048803421	1
LOC101897915	NA	FBgn0040079	NA	NA	0.685120245107914	1
LOC101897937	NA	FBgn0028539	NA	NA	0.509648262783437	1
LOC101897942	CLIPD	FBgn0040060,FBgn0035665,FBgn0035661	NA	NA	-0.765037626409496	-1
LOC101897944	NA	FBgn0027835	NA	NA	0.863296352984198	1
LOC101897945	CLIPD	FBgn0052271,FBgn0035070	NA	NA	-0.242750960130003	NA
LOC101897960	NA	FBgn0001297	signaling	kay	0.288715841763673	0
LOC101897968	NA	FBgn0037248	NA	NA	0.886519651192393	1
LOC101897978	NA	FBgn0016696	NA	NA	0.441428899188186	1
LOC101897981	CLIPD	FBgn0250815	NA	NA	-0.349064615551961	0
LOC101897988	NIM	FBgn0028936	recognition	NimB5	-0.466562895721411	0
LOC101897991	NA	FBgn0040206	NA	NA	0.68419010638646	1
LOC101897997	PPO	FBgn0261363,FBgn0033367	effector	proPO45;proPO59	0.0673851478909087	0
LOC101898012	CTL	FBgn0038315	NA	NA	-0.416317970398326	0
LOC101898026	CLIPB	FBgn0039102	signaling	SPE	0.0644440104299049	0
LOC101898029	NA	FBgn0024555	NA	NA	0.750238740038478	1
LOC101898030	NA	FBgn0264978	NA	NA	0.609761733171226	1
LOC101898042	SRCB	FBgn0025697	NA	NA	-0.352635726354887	0
LOC101898046	NA	NA	NA	NA	0.646450794852212	1
LOC101898050	TEP	FBgn0041183,FBgn0041182	recognition	Tep1;Tep2	0.0346957395564515	NA
LOC101898053	NA	FBgn0265298	NA	NA	0.387968879669374	1
LOC101898081	NA	FBgn0036398	NA	NA	0.736944017209408	1
LOC101898105	NA	FBgn0004606	signaling	zfh1	0.859473155806789	0
LOC101898109	CLIPD	FBgn0040060,FBgn0035665,FBgn0035661	NA	NA	-0.904652013471503	-1
LOC101898114	NA	FBgn0046689,FBgn0039015,FBgn0026323	signaling	Tak1	0.376980447671873	0
LOC101898121	NA	FBgn0038535	NA	NA	0.686342709378706	1
LOC101898130	NA	FBgn0260990	NA	NA	0.534092293447033	1
LOC101898140	NA	FBgn0037249	NA	NA	0.343265512680813	1
LOC101898142	PGRP	FBgn0035975	modulation	PGRP-LA	-0.0846914016218246	0
LOC101898153	NA	FBgn0029804	NA	NA	0.975254784990146	1
LOC101898162	NA	FBgn0030658	NA	NA	0.428403007998618	1
LOC101898163	NIM	FBgn0054003	recognition	NimB3	-0.699516843200432	-1
LOC101898164	NA	FBgn0001224	NA	NA	0.883885572289082	1
LOC101898175	NA	FBgn0086899	NA	NA	0.760952852265586	1
LOC101898196	NA	FBgn0039532	NA	NA	0.454452258654117	1
LOC101898203	CLIPB	FBgn0039102	signaling	SPE	0.198291150319505	0
LOC101898219	NA	FBgn0002022	modulation	Catsup	-0.0470703065888586	0
LOC101898220	SRCB	FBgn0025697	NA	NA	-0.430337221818117	0
LOC101898223	NA	FBgn0024846	signaling	p38b	-0.168149501260737	0
LOC101898231	NIM	FBgn0003390	NA	NA	-0.0286034396596709	0
LOC101898232	NA	FBgn0020443	NA	NA	0.453343717320857	1
LOC101898236	NA	FBgn0053129	NA	NA	0.544818270863812	1
LOC101898251	NA	FBgn0262126	NA	NA	0.846590297838405	1
LOC101898268	NA	FBgn0011740	NA	NA	0.646634151971319	1
LOC101898280	NA	FBgn0001230	NA	NA	1.27973986983373	1
LOC101898283	MD2L	FBgn0039801,FBgn0039800	recognition	Npc2h	-0.779706682699707	-1
LOC101898287	CLIPD	NA	NA	NA	-0.597708291516381	0
LOC101898289	CLIPD	FBgn0052271,FBgn0035070	NA	NA	-0.916671680922166	NA
LOC101898313	NA	FBgn0031975	effector	Tg	-0.155581866162137	0
LOC101898322	SRCA	FBgn0034660	NA	NA	-0.156423428566365	0
LOC101898336	NA	FBgn0004197,FBgn0051999	signaling	Ser	-0.139033533701085	0
LOC101898338	NIM	FBgn0028936	recognition	NimB5	-1.33609931781255	-1
LOC101898341	IGSF	NA	NA	NA	NA	NA
LOC101898345	CLIPD	NA	NA	NA	-0.571685073671282	0
LOC101898352	CEC	NA	NA	NA	-0.435700579224595	NA
LOC101898359	PGRP	FBgn0043576,FBgn0033327,FBgn0043575	modulation	PGRP-SC1a;PGRP-SC1b;PGRP-SC2	-0.0878055643096462	NA
LOC101898374	NA	FBgn0027512	NA	NA	0.66620638435013	1
LOC101898378	CTL	NA	NA	NA	0.0762309338270931	NA
LOC101898394	CLIPD	NA	NA	NA	0.124164380850319	0
LOC101898397	FREP	NA	NA	NA	2.60853326848335	1
LOC101898415	NA	FBgn0011260	NA	NA	0.831154109545962	1
LOC101898440	NA	FBgn0039727	NA	NA	0.532095367212184	1
LOC101898442	CLIPD	FBgn0051728	NA	NA	-0.0341455184926829	NA
LOC101898444	NA	FBgn0034691	NA	NA	0.624670059360059	1
LOC101898447	NA	FBgn0030349	NA	NA	0.701178795863913	1
LOC101898456	HPX	FBgn0031464	effector	Duox	0.56649005071768	0
LOC101898460	NA	FBgn0030667,FBgn0261238	NA	NA	0.860849970268934	1
LOC101898470	NA	FBgn0034313	NA	NA	0.513630435313818	1
LOC101898481	NA	FBgn0013799	signaling	DEAF1	0.328038461682492	0
LOC101898482	FREP	NA	NA	NA	-0.184665006780852	NA
LOC101898488	NA	FBgn0037252	NA	NA	0.726109604079513	1
LOC101898493	NA	FBgn0031183	NA	NA	0.653784235571385	1
LOC101898499	CLIPD	FBgn0034661	NA	NA	-0.822039452176019	NA
LOC101898506	NA	FBgn0022942	effector	Cbp80	0.520737220252908	1
LOC101898515	NIM	FBgn0028542	recognition	NimB4	-0.381744643208317	0
LOC101898523	CLIPD	NA	NA	NA	-0.925944128275371	-1
LOC101898560	NA	FBgn0000319	NA	NA	0.471163031943974	1
LOC101898570	NA	FBgn0027094	NA	NA	0.459224318181649	1
LOC101898576	CLIPD	FBgn0052271,FBgn0035070	NA	NA	NA	NA
LOC101898640	MD2L	FBgn0038198	NA	NA	0.0657709077320586	0
LOC101898661	PGRP	FBgn0035976	recognition	PGRP-LC	1.22428211184799	1
LOC101898685	NIM	FBgn0028543	recognition	NimB2	-0.554032909924686	-1
LOC101898687	NA	FBgn0001223	NA	NA	1.08526295392066	1
LOC101898690	CLIPB	FBgn0033439,FBgn0260474	NA	NA	-0.587113403181973	0
LOC101898695	CLIPD	FBgn0030773,FBgn0052523	NA	NA	0.060915991331931	NA
LOC101898709	PGRP	FBgn0043576,FBgn0033327,FBgn0043575	modulation	PGRP-SC1a;PGRP-SC1b;PGRP-SC2	-0.389370455803549	NA
LOC101898710	NA	FBgn0266053	NA	NA	0.842797286688934	1
LOC101898728	CTL	NA	NA	NA	-0.354598187566279	0
LOC101898740	NA	FBgn0001965	signaling	Sos	0.388193034035611	0
LOC101898747	CLIPD	FBgn0052271,FBgn0035070	NA	NA	0.0883317644116405	NA
LOC101898759	NA	FBgn0040236	NA	NA	0.542019688705357	1
LOC101898778	NA	FBgn0032810	NA	NA	1.07187759092237	1
LOC101898811	NA	FBgn0259978	NA	NA	0.942940254129891	1
LOC101898821	FREP	NA	NA	NA	3.96954946156642	1
LOC101898823	NA	FBgn0034858	NA	NA	0.4165401779474	1
LOC101898828	NA	FBgn0029688	NA	NA	0.467048565786453	1
LOC101898829	PGRP	FBgn0035806	recognition	PGRP-SD	1.6719481088596	1
LOC101898860	CLIPD	FBgn0030773,FBgn0052523	NA	NA	-0.422790171036735	-1
LOC101898861	CLIPD	FBgn0085319	NA	NA	-0.336698577723466	0
LOC101898874	NA	FBgn0028538	NA	NA	0.65346571450921	1
LOC101898877	NA	FBgn0037811,FBgn0037810	NA	NA	0.623986954760851	1
LOC101898879	CLIPD	FBgn0023197	NA	NA	NA	NA
LOC101898892	CTL	NA	NA	NA	1.04898917000091	1
LOC101898905	NA	FBgn0003495	signaling	spz	0.713143109062009	1
LOC101898910	NA	FBgn0030102	NA	NA	3.17074003737823	1
LOC101898912	CLIPD	NA	NA	NA	-0.210789004680316	0
LOC101898914	NA	FBgn0031055,FBgn0043903	modulation;signaling	dome;et	0.662279059544195	0
LOC101898915	CLIPD	FBgn0052271,FBgn0035070	NA	NA	-0.172501260545056	NA
LOC101898956	NA	FBgn0032089,FBgn0031047	NA	NA	0.978145565847979	1
LOC101898960	CLIPD	FBgn0038003	NA	NA	0.0759467747686216	NA
LOC101898961	LYS	FBgn0035813	effector	CG8492	-0.085174973849706	0
LOC101898981	NA	FBgn0020279	NA	NA	0.52649351534862	1
LOC101899040	CLIPD	FBgn0030773,FBgn0052523	NA	NA	-0.378289652206455	0
LOC101899042	NA	NA	NA	NA	1.042830659764	1
LOC101899056	NA	FBgn0086443	NA	NA	0.465052439446282	1
LOC101899059	NA	FBgn0031161,FBgn0039343	NA	NA	0.627737918057636	1
LOC101899060	CLIPD	FBgn0036738	NA	NA	-1.00363975625602	-1
LOC101899073	CTL	NA	NA	NA	0.502748565153711	0
LOC101899101	NA	FBgn0032601	NA	NA	1.20308009247094	1
LOC101899121	NA	FBgn0025684	NA	NA	0.527897979857542	1
LOC101899135	NA	FBgn0034756	NA	NA	1.71915646613982	1
LOC101899136	CLIPD	FBgn0038002	NA	NA	-0.0694405370026342	NA
LOC101899149	NA	FBgn0042178,FBgn0042177	NA	NA	0.702558637070807	1
LOC101899165	CLIPA	FBgn0030027	NA	NA	-0.127367208999015	0
LOC101899166	NA	FBgn0000404	NA	NA	0.861044526713132	1
LOC101899169	NA	FBgn0039562	NA	NA	0.9613726217187	1
LOC101899184	NA	FBgn0266000	NA	NA	0.842316454415147	1
LOC101899191	NA	FBgn0010379	NA	NA	0.526720285626967	1
LOC101899192	CTL	NA	NA	NA	-0.313353546355943	NA
LOC101899197	NA	FBgn0001139	NA	NA	0.433434439420973	1
LOC101899210	CLIPC	FBgn0030773,FBgn0052523	NA	NA	-0.512105896520763	0
LOC101899228	NA	FBgn0265296	recognition	Dscam2	0.00431518189868035	NA
LOC101899231	CLIPD	FBgn0036738	NA	NA	-0.863971989343156	-1
LOC101899245	CTL	NA	NA	NA	0.306565696517266	0
LOC101899262	CLIPC	FBgn0037222	NA	NA	1.50753075231064	NA
LOC101899266	NA	FBgn0030964	signaling	Pvf1	2.511148376816	1
LOC101899274	NA	FBgn0040752	NA	NA	0.722437483575711	1
LOC101899285	NA	FBgn0035343	NA	NA	0.767935537228928	1
LOC101899291	CLIPD	FBgn0031249	NA	NA	-0.393120803835767	NA
LOC101899309	CLIPD	FBgn0038002	NA	NA	-0.0878055643096462	NA
LOC101899353	NA	FBgn0029769	NA	NA	1.40628084640828	1
LOC101899363	NA	FBgn0030354	NA	NA	0.483758159644536	1
LOC101899366	CLIPB	FBgn0085438	NA	NA	-0.871772685797865	-1
LOC101899368	NA	NA	NA	NA	0.849811627022183	1
LOC101899369	NA	FBgn0028707	effector	Mt2	-0.0841216286157266	0
LOC101899379	CLIPD	FBgn0052271,FBgn0035070	NA	NA	-0.305390353238504	NA
LOC101899380	NA	FBgn0035847,FBgn0045442,FBgn0035789,FBgn0034219,FBgn0028956,FBgn0035623,FBgn0023000,FBgn0045443	NA	NA	0.86498826337627	1
LOC101899390	CLIPD	FBgn0030776	NA	NA	-0.615520623008381	0
LOC101899394	NIM	FBgn0031981	NA	NA	0.562767675382814	0
LOC101899397	NA	FBgn0030243	NA	NA	0.650368494397889	1
LOC101899398	NA	FBgn0000173	signaling	ben	0.0578641420468236	0
LOC101899411	NA	FBgn0032699	NA	NA	0.768347356498392	1
LOC101899412	CLIPD	FBgn0036738	NA	NA	-0.715928205896645	-1
LOC101899422	CLIPD	FBgn0085487	NA	NA	NA	NA
LOC101899464	NA	FBgn0002413	NA	NA	0.683520636784222	1
LOC101899466	CLIPD	FBgn0031249	NA	NA	-0.377678361651493	0
LOC101899471	HPX	FBgn0038465	modulation	Irc	-0.579891287559737	-1
LOC101899485	CLIPD	FBgn0038001	NA	NA	0.120664909024354	NA
LOC101899499	NA	FBgn0004556	NA	NA	0.882351016879855	1
LOC101899511	NA	FBgn0032456	NA	NA	0.644900900599868	1
LOC101899513	CLIPA	FBgn0032213,FBgn0051780,FBgn0028864,FBgn0028514	NA	NA	1.4184619724799	1
LOC101899541	CLIPB	FBgn0000533	NA	NA	0.0548789466665129	0
LOC101899548	LYS	FBgn0034538,FBgn0029765	effector	CG16756;CG16799	-0.687645555175731	-1
LOC101899554	NA	FBgn0031779	NA	NA	0.630445838854128	1
LOC101899562	CLIPD	NA	NA	NA	-0.791813549940567	-1
LOC101899580	NA	FBgn0024291	NA	NA	0.516862831297844	1
LOC101899581	CLIPD	FBgn0036738	NA	NA	-0.771129554257093	-1
LOC101899592	NA	FBgn0004643	NA	NA	0.370633121559176	1
LOC101899604	SRCC	NA	NA	NA	-0.439516164566219	0
LOC101899613	NA	NA	NA	NA	1.64110047670693	1
LOC101899615	NA	FBgn0025682	NA	NA	0.570915292962753	1
LOC101899618	NA	NA	NA	NA	0.515405686545283	1
LOC101899620	NA	FBgn0250753	NA	NA	0.536129959059271	1
LOC101899621	NA	FBgn0035601	signaling	Uev1A	-0.0883756794528184	0
LOC101899626	FREP	NA	NA	NA	0.0706716970500567	NA
LOC101899630	NA	FBgn0038134	modulation	wntD	-0.0878055643096462	NA
LOC101899635	NA	FBgn0010315	NA	NA	0.985166456723473	1
LOC101899652	NA	FBgn0261387	NA	NA	0.701443024129343	1
LOC101899673	NA	FBgn0034068	modulation	casp	0.12522373833677	0
LOC101899710	NA	FBgn0029791	NA	NA	0.991946497319794	1
LOC101899713	CLIPD	NA	NA	NA	0.17399300427324	NA
LOC101899724	CLIPB	FBgn0030774	signaling	spheroide	-0.815754519382009	-1
LOC101899725	HPX	FBgn0004577	NA	NA	-0.284806660176738	0
LOC101899733	NA	NA	NA	NA	0.721587716098817	1
LOC101899742	CLIPD	NA	NA	NA	-0.818202388327005	0
LOC101899783	NA	FBgn0263197	NA	NA	0.744502387844673	1
LOC101899794	FREP	NA	NA	NA	NA	NA
LOC101899797	NA	FBgn0038134	modulation	wntD	-0.0878055643096462	NA
LOC101899801	NA	FBgn0265575	recognition	yin	0.890617405107959	1
LOC101899803	PPO	FBgn0002564	effector	Lsp1γ	-1.0549251236903	-1
LOC101899847	NA	FBgn0044324	NA	NA	0.577660915592884	1
LOC101899860	SPRN	FBgn0039795	NA	NA	-1.1772872355411	-1
LOC101899872	CLIPC	FBgn0034796,FBgn0034139	NA	NA	0.632583383717946	1
LOC101899882	NA	FBgn0260936	modulation	dUSP36	0.476379334879701	0
LOC101899898	FREP	NA	NA	NA	-0.213968050643734	NA
LOC101899922	TEP	FBgn0041183,FBgn0041182	recognition	Tep1;Tep2	1.39032562121282	1
LOC101899931	LYS	FBgn0034538,FBgn0029765	effector	CG16756;CG16799	-0.586221411607236	-1
LOC101899971	NA	FBgn0038134	modulation	wntD	-0.206689671249256	NA
LOC101899974	NA	FBgn0005777	NA	NA	0.556008407678194	1
LOC101899987	NA	FBgn0011217	signaling	EFF	-0.0088538044743249	0
LOC101900001	NA	FBgn0052666	NA	NA	1.03834551898362	1
LOC101900025	NA	FBgn0260959	NA	NA	0.77504694906078	1
LOC101900057	NA	FBgn0016792	NA	NA	0.786802242234889	1
LOC101900067	SRCC	FBgn0010114	NA	NA	-0.000787310663813142	0
LOC101900071	NA	FBgn0015279	NA	NA	0.839988183114318	1
LOC101900085	CLIPD	FBgn0036738	NA	NA	-0.484771529678671	0
LOC101900108	NA	FBgn0005654	signaling	lat	0.230268213402775	0
LOC101900122	NA	FBgn0020381	signaling	Dredd	-0.0492733100354884	0
LOC101900133	NA	FBgn0031174	NA	NA	0.43269381136448	1
LOC101900136	NA	FBgn0000422	effector	Ddc	0.546465275593837	1
LOC101900140	NA	FBgn0038652	NA	NA	0.460956836380672	1
LOC101900150	NA	FBgn0266084	NA	NA	0.581751713196727	1
LOC101900173	NA	FBgn0031842	NA	NA	0.473927791520486	1
LOC101900180	CLIPB	FBgn0027930	effector	MP1	0.564662531799648	1
LOC101900181	NA	FBgn0010333	signaling	Rac1	0.299616507654016	0
LOC101900185	TLL	FBgn0036978	modulation	Toll-9	-0.384864232167906	0
LOC101900202	NA	FBgn0004872	NA	NA	0.38172091175181	1
LOC101900207	NA	FBgn0010328	NA	NA	0.578325510048615	1
LOC101900216	NA	FBgn0259166	NA	NA	0.678217860498821	1
LOC101900242	NA	FBgn0011474	NA	NA	0.742001169122338	1
LOC101900251	NA	FBgn0041775	NA	NA	0.735389235975266	1
LOC101900263	CLIPD	NA	NA	NA	-0.113773792237844	NA
LOC101900290	FREP	NA	NA	NA	-0.817908952877868	-1
LOC101900301	NA	FBgn0001319	signaling	kn	0.101569620693785	NA
LOC101900305	NA	FBgn0051869	NA	NA	1.08377454780889	1
LOC101900311	NA	FBgn0000422	effector	Ddc	0.0624886021372758	NA
LOC101900317	NA	FBgn0004584	NA	NA	0.578130384283896	1
LOC101900338	NA	FBgn0027507	NA	NA	0.562718798838258	1
LOC101900344	NA	FBgn0036032	NA	NA	0.694297865463869	1
LOC101900359	NA	FBgn0002576	signaling	lz	0.0570556989524813	NA
LOC101900379	SPRN	FBgn0262057	modulation	Spn77Ba	1.40959223409842	1
LOC101900415	NA	FBgn0005660	NA	NA	1.5048646379129	1
LOC101900416	NA	FBgn0000964	NA	NA	1.01710252332387	1
LOC101900426	PPO	FBgn0002564	effector	Lsp1γ	0.140467649459683	NA
LOC101900440	NA	FBgn0083977	NA	NA	0.49849591425062	1
LOC101900448	GALE	NA	NA	NA	-0.486497181157531	0
LOC101900449	PPO	FBgn0261362	effector	proPO-A1	-0.655400469776951	0
LOC101900469	NA	FBgn0011509	NA	NA	0.800050766045739	1
LOC101900484	NA	FBgn0038651	NA	NA	0.622889367302348	1
LOC101900513	NA	FBgn0085436	NA	NA	0.5933603109668	1
LOC101900523	NA	FBgn0051216	NA	NA	0.590471093069885	1
LOC101900542	PGRP	FBgn0043576,FBgn0033327,FBgn0043575	modulation	PGRP-SC1a;PGRP-SC1b;PGRP-SC2	NA	NA
LOC101900548	NA	FBgn0034976	NA	NA	0.635037226285079	1
LOC101900558	NA	FBgn0038853	NA	NA	0.951182148870593	1
LOC101900564	NA	FBgn0003716	NA	NA	0.639068362291217	1
LOC101900602	PPO	FBgn0002564	effector	Lsp1γ	-0.45430995605341	NA
LOC101900617	LYS	FBgn0034539	effector	CG11159	-0.38435411460021	NA
LOC101900619	NA	FBgn0250911	NA	NA	1.08018600302257	1
LOC101900624	NA	FBgn0015247	signaling	Iap2	-0.159941443120389	0
LOC101900625	NA	FBgn0004401	NA	NA	0.685188955038581	1
LOC101900665	NA	FBgn0034401	NA	NA	0.531569440355857	1
LOC101900679	NA	FBgn0037979	NA	NA	0.553911223535133	1
LOC101900695	NA	FBgn0014020	signaling	Rho1	0.173260821902133	0
LOC101900706	CLIPD	FBgn0052374,FBgn0052376,FBgn0035795	NA	NA	0.0706716970500567	NA
LOC101900728	NA	FBgn0010383	NA	NA	0.89952326733463	1
LOC101900738	LYS	NA	NA	NA	1.63430646784926	1
LOC101900753	NA	FBgn0036340	NA	NA	0.496706753833904	1
LOC101900760	NA	FBgn0004227,FBgn0015520	NA	NA	0.506889454327885	1
LOC101900762	CLIPD	FBgn0250815	NA	NA	-0.692741671056368	-1
LOC101900766	MD2L	FBgn0040628,FBgn0039838,FBgn0040629,FBgn0039235	NA	NA	0.00907806701556925	0
LOC101900768	GALE	FBgn0031289	NA	NA	-0.14574910198027	NA
LOC101900772	NA	FBgn0046704	NA	NA	0.778423201045072	1
LOC101900798	CLIPD	FBgn0003319	NA	NA	-0.386178132078008	0
LOC101900800	NA	NA	NA	NA	0.894538714538988	1
LOC101900806	NA	FBgn0010316	NA	NA	0.759016184678184	1
LOC101900813	FREP	NA	NA	NA	-0.682658274428594	-1
LOC101900816	FREP	NA	NA	NA	-0.0890957279025835	0
LOC101900836	NA	FBgn0004648	NA	NA	1.13034648819136	1
LOC101900848	NA	FBgn0033738	NA	NA	0.604485670463763	1
LOC101900855	NA	FBgn0039056	NA	NA	0.482179224376069	1
LOC101900859	NA	FBgn0039303	NA	NA	0.401745269095581	1
LOC101900869	NA	FBgn0010549,FBgn0051792,FBgn0032026	NA	NA	0.832600741880589	1
LOC101900879	SRCB	NA	NA	NA	0.0403908891306366	NA
LOC101900884	CLIPD	FBgn0052374,FBgn0052376,FBgn0035795	NA	NA	0.0461622710664968	NA
LOC101900913	NA	FBgn0038855	NA	NA	0.533905040677578	1
LOC101900921	NIM	FBgn0260011	recognition	NimC4	-0.480727483823137	0
LOC101900922	CTL	NA	NA	NA	-0.79609377169579	-1
LOC101900925	NA	FBgn0040294	modulation	POSH	0.687146887589379	1
LOC101900943	MD2L	FBgn0051410	recognition	Npc2e	-0.284832035752647	0
LOC101900954	NA	FBgn0265297	NA	NA	0.648332284609808	1
LOC101900962	NA	FBgn0041781	NA	NA	0.528266948691549	1
LOC101900963	SPRN	FBgn0028990	modulation	Spn27A	-0.0960997523650406	0
LOC101900970	CLIPB	FBgn0039759,FBgn0039798	effector	CG11313	0.23613355198688	0
LOC101900975	NA	FBgn0020386	NA	NA	1.41629996790666	1
LOC101900983	CLIPB	NA	NA	NA	0.407169266619542	NA
LOC101900990	NA	FBgn0000229	signaling	bsk	0.0140890278959737	0
LOC101901013	CLIPC	FBgn0030925,FBgn0030926	effector;recognition	Hayan;psh	1.36678507465017	1
LOC101901030	NA	FBgn0037445	NA	NA	0.629687917374614	1
LOC101901031	NA	FBgn0028327	NA	NA	0.471245011917337	1
LOC101901048	CTL	FBgn0031629	NA	NA	-0.274705105731152	0
LOC101901064	CLIPD	FBgn0052374,FBgn0052376,FBgn0035795	NA	NA	0.120664909024354	NA
LOC101901083	NA	FBgn0033463	NA	NA	0.524431681550277	1
LOC101901087	NA	FBgn0032880	NA	NA	0.320648910855459	1
LOC101901097	CTL	NA	NA	NA	-0.151180933804236	NA
LOC101901099	NA	FBgn0029778	NA	NA	0.61038281935297	1
LOC101901101	CTL	NA	NA	NA	-0.648429355163478	-1
LOC101901102	NA	FBgn0030321	NA	NA	0.47150462417269	1
LOC101901107	NA	FBgn0261573	NA	NA	0.547450489959894	1
LOC101901133	NA	FBgn0033159	recognition	Dscam1	0.387050011979341	0
LOC101901166	FREP	NA	NA	NA	-0.385569801044717	NA
LOC101901173	NA	FBgn0034741	NA	NA	1.4349241873183	1
LOC101901181	CEC	FBgn0000278,FBgn0000279,FBgn0000277,FBgn0000276	effector	CecA1;CecA2;CecB;CecC	1.41923099084156	1
LOC101901183	NA	FBgn0024983	NA	NA	0.722478197207782	1
LOC101901192	NA	FBgn0025864	NA	NA	0.434680162684455	1
LOC101901197	NA	FBgn0011676	effector	Nos	-0.0590565532410638	NA
LOC101901200	NA	FBgn0034697	NA	NA	0.343981037436942	1
LOC101901207	NA	FBgn0015269	NA	NA	0.815403926456343	1
LOC101901217	CLIPC	FBgn0031628	NA	NA	0.249815009292037	0
LOC101901231	NA	FBgn0034638	NA	NA	0.983412807013943	1
LOC101901232	CLIPD	FBgn0052374,FBgn0052376,FBgn0035795	NA	NA	0.220401521753657	NA
LOC101901243	NA	FBgn0023528	NA	NA	0.691965505769994	1
LOC101901253	NA	FBgn0030089	NA	NA	0.499941261212865	1
LOC101901261	CLIPB	NA	NA	NA	0.999131888325032	1
LOC101901266	CTL	NA	NA	NA	0.0856231830724396	NA
LOC101901280	NA	FBgn0027093	NA	NA	0.438942266175703	1
LOC101901287	CLIPD	FBgn0053159	NA	NA	0.184286434140602	NA
LOC101901298	NA	FBgn0000352	NA	NA	0.90033742431086	1
LOC101901304	NFKB	NA	NA	NA	-0.0793093731522184	0
LOC101901307	TLL	FBgn0033402	signaling	Myd88	-0.0664398693674531	0
LOC101901310	NA	FBgn0040238	NA	NA	0.491098725534973	1
LOC101901317	NA	FBgn0032821	NA	NA	0.782234504644428	1
LOC101901337	FREP	NA	NA	NA	-0.603957452549078	0
LOC101901338	NA	FBgn0036888	NA	NA	0.62487191063656	1
LOC101901344	NA	FBgn0260866	modulation	dnr1	0.208431330440139	0
LOC101901352	CEC	FBgn0000278,FBgn0000279,FBgn0000277,FBgn0000276	effector	CecA1;CecA2;CecB;CecC	1.44455007081326	1
LOC101901368	NA	FBgn0051998	NA	NA	0.730007625824029	1
LOC101901388	NIM	FBgn0027929	recognition	NimB1	-0.230949389578039	NA
LOC101901407	NA	FBgn0023529	NA	NA	1.10415721547822	1
LOC101901415	NA	FBgn0036300	NA	NA	0.509020799861398	1
LOC101901426	CLIPB	NA	NA	NA	0.233211054457661	0
LOC101901439	NA	FBgn0030964	signaling	Pvf1	0.205412577283482	0
LOC101901456	NA	FBgn0033160	NA	NA	0.40047249626207	1
LOC101901459	NA	FBgn0002044	NA	NA	0.629781233677266	1
LOC101901475	NA	FBgn0052676	NA	NA	0.692368230149003	1
LOC101901485	NA	FBgn0010269	signaling	Dsor1	0.0144619107282478	0
LOC101901491	CLIPD	FBgn0052271,FBgn0035070	NA	NA	NA	NA
LOC101901503	NA	FBgn0028887,FBgn0265630	NA	NA	0.699002636235138	1
LOC101901505	NA	FBgn0003189	NA	NA	0.471240851864752	1
LOC101901516	CEC	FBgn0000278,FBgn0000279,FBgn0000277,FBgn0000276	effector	CecA1;CecA2;CecB;CecC	1.70266276824846	1
LOC101901525	HPX	FBgn0259233	NA	NA	0.0541322129117272	NA
LOC101901526	GALE	NA	NA	NA	0.658303184862922	1
LOC101901551	NA	FBgn0261811	NA	NA	0.549748760169275	1
LOC101901567	NA	FBgn0250820	NA	NA	0.446454479437522	1
LOC101901572	NA	FBgn0016076	NA	NA	0.526844610705525	1
LOC101901573	NA	FBgn0003210	NA	NA	0.482794904985144	1
LOC101901590	CLIPB	FBgn0039386	NA	NA	-0.464899040314387	0
LOC101901591	CLIPB	FBgn0039758	NA	NA	0.415569132002497	NA
LOC101901619	CLIPD	FBgn0050031,FBgn0010358,FBgn0010359,FBgn0050025,FBgn0010357,FBgn0003863	NA	NA	-1.3714688422975	-1
LOC101901624	NA	FBgn0015625	NA	NA	0.781433200597871	1
LOC101901626	CLIPC	FBgn0030925,FBgn0030926	effector;recognition	Hayan;psh	-0.639212624035401	0
LOC101901662	CLIPD	NA	NA	NA	-0.781686703105654	-1
LOC101901675	NA	FBgn0004657	recognition	mys	0.256536639217762	0
LOC101901680	PPO	FBgn0002564	effector	Lsp1γ	-0.861514483861841	-1
LOC101901688	NA	FBgn0035411	NA	NA	0.451102311221031	1
LOC101901694	NA	FBgn0050291	NA	NA	0.464179161293205	1
LOC101901699	NA	FBgn0262124	NA	NA	0.57932666215213	1
LOC101901720	NA	FBgn0020412	NA	NA	0.824126687344699	1
LOC101901727	NFKB	FBgn0260632	signaling	dl	0.274385662890725	0
LOC101901737	NA	FBgn0032773	effector	fon	-0.713872270055729	-1
LOC101901759	LYS	NA	NA	NA	-0.0118888385853664	NA
LOC101901760	NA	FBgn0261988	signaling	Gprk2	0.353222899186872	0
LOC101901761	CLIPD	FBgn0052271,FBgn0035070	NA	NA	-0.350750371124538	NA
LOC101901787	NA	FBgn0002962	NA	NA	0.718735590362827	1
LOC101901818	NA	FBgn0039466	NA	NA	0.725607388666226	1
LOC101901822	FREP	NA	NA	NA	-0.644330862105086	NA
PASA1_gene_25	NA	FBgn0033663	NA	NA	0.931424216780847	1
PASA1_gene_34	NA	FBgn0052185	effector	edin	-0.213123562538716	0
PASA1_gene_44	NA	FBgn0035287	NA	NA	0.873007872198734	1
PASA1_gene_48	NA	FBgn0085244	NA	NA	1.09875547541082	1
PASA1_gene_61	NA	FBgn0261989	NA	NA	2.13572395124737	1
LOC101891359	NA	NA	NA	NA	0.419802218960256	1
LOC101895457	NA	NA	NA	NA	0.422405201676198	1
LOC101900894	NA	NA	NA	NA	0.959266233847415	1
LOC101900109	NA	NA	NA	NA	0.861303920018967	1
